Gen,Gen ID
BnaC09g12490D,GSBRNA2T00000056001
BnaA05g26900D,GSBRNA2T00000221001
BnaA05g27440D,GSBRNA2T00000282001
BnaA05g27810D,GSBRNA2T00000326001
BnaA05g27840D,GSBRNA2T00000330001
BnaA05g27910D,GSBRNA2T00000338001
BnaA05g28000D,GSBRNA2T00000350001
BnaA05g28070D,GSBRNA2T00000360001
BnaA05g28450D,GSBRNA2T00000403001
BnaC04g19630D,GSBRNA2T00000484001
BnaC03g54750D,GSBRNA2T00000627001
BnaA06g24700D,GSBRNA2T00000684001
BnaA06g24130D,GSBRNA2T00000769001
BnaA06g24040D,GSBRNA2T00000782001
BnaC08g12000D,GSBRNA2T00001024001
BnaC01g30700D,GSBRNA2T00001138001
BnaC08g10030D,GSBRNA2T00001207001
BnaC08g10100D,GSBRNA2T00001216001
BnaC08g10110D,GSBRNA2T00001217001
BnaA02g05170D,GSBRNA2T00001302001
BnaA02g05230D,GSBRNA2T00001314001
BnaA02g05340D,GSBRNA2T00001327001
BnaA02g06580D,GSBRNA2T00001485001
BnaA02g06590D,GSBRNA2T00001486001
BnaC03g63470D,GSBRNA2T00001624001
BnaC01g26830D,GSBRNA2T00001735001
BnaC08g21600D,GSBRNA2T00001994001
BnaC04g03030D,GSBRNA2T00002263001
BnaC04g02920D,GSBRNA2T00002277001
BnaC04g02910D,GSBRNA2T00002279001
BnaC03g30230D,GSBRNA2T00002315001
BnaC03g30330D,GSBRNA2T00002328001
BnaC03g30350D,GSBRNA2T00002330001
BnaC03g30370D,GSBRNA2T00002334001
BnaC03g30410D,GSBRNA2T00002339001
BnaC03g30540D,GSBRNA2T00002357001
BnaC07g04330D,GSBRNA2T00002461001
BnaC07g04150D,GSBRNA2T00002509001
BnaA01g23870D,GSBRNA2T00002643001
BnaC05g01980D,GSBRNA2T00002701001
BnaC05g02530D,GSBRNA2T00002760001
BnaC05g02540D,GSBRNA2T00002761001
BnaC05g02730D,GSBRNA2T00002780001
BnaC05g03040D,GSBRNA2T00002816001
BnaC09g09800D,GSBRNA2T00002984001
BnaA03g07090D,GSBRNA2T00002989001
BnaCnng20460D,GSBRNA2T00003039001
BnaA10g11680D,GSBRNA2T00003075001
BnaCnng68210D,GSBRNA2T00003142001
BnaAnng33550D,GSBRNA2T00003157001
BnaCnng20650D,GSBRNA2T00003217001
BnaCnng20740D,GSBRNA2T00003230001
BnaA04g28650D,GSBRNA2T00003278001
BnaA04g28660D,GSBRNA2T00003279001
BnaC08g46210D,GSBRNA2T00003310001
BnaC03g59130D,GSBRNA2T00003531001
BnaA05g33400D,GSBRNA2T00003644001
BnaCnng68490D,GSBRNA2T00003673001
BnaC03g72980D,GSBRNA2T00003731001
BnaC02g45800D,GSBRNA2T00003836001
BnaCnng21170D,GSBRNA2T00003861001
BnaAnng33930D,GSBRNA2T00003921001
BnaAnng33960D,GSBRNA2T00003930001
BnaAnng10890D,GSBRNA2T00003978001
BnaAnng10960D,GSBRNA2T00003988001
BnaA03g58930D,GSBRNA2T00004049001
BnaA01g37140D,GSBRNA2T00004092001
BnaC01g41590D,GSBRNA2T00004171001
BnaC05g49480D,GSBRNA2T00004195001
BnaC03g75370D,GSBRNA2T00004245001
BnaA03g56140D,GSBRNA2T00004329001
BnaC01g41040D,GSBRNA2T00004498001
BnaCnng68950D,GSBRNA2T00004612001
BnaC06g42900D,GSBRNA2T00004712001
BnaA08g31310D,GSBRNA2T00004720001
BnaA08g31400D,GSBRNA2T00004732001
BnaAnng34370D,GSBRNA2T00004831001
BnaCnng69050D,GSBRNA2T00004836001
BnaA10g29790D,GSBRNA2T00004876001
BnaA03g55260D,GSBRNA2T00004973001
BnaA02g34680D,GSBRNA2T00004992001
BnaCnng69140D,GSBRNA2T00005071001
BnaAnng34630D,GSBRNA2T00005302001
BnaA04g27630D,GSBRNA2T00005328001
BnaA04g22000D,GSBRNA2T00005375001
BnaA04g21990D,GSBRNA2T00005376001
BnaA04g21810D,GSBRNA2T00005397001
BnaA01g26660D,GSBRNA2T00005555001
BnaA09g08180D,GSBRNA2T00005629001
BnaA09g08090D,GSBRNA2T00005639001
BnaA09g08030D,GSBRNA2T00005645001
BnaA09g07960D,GSBRNA2T00005652001
BnaA09g07840D,GSBRNA2T00005668001
BnaA09g07610D,GSBRNA2T00005696001
BnaA09g07510D,GSBRNA2T00005708001
BnaA09g07280D,GSBRNA2T00005738001
BnaA09g07080D,GSBRNA2T00005764001
BnaA09g06750D,GSBRNA2T00005807001
BnaAnng03180D,GSBRNA2T00006032001
BnaC01g20930D,GSBRNA2T00006204001
BnaC01g20120D,GSBRNA2T00006324001
BnaC05g13850D,GSBRNA2T00006477001
BnaC05g13950D,GSBRNA2T00006490001
BnaC05g14170D,GSBRNA2T00006518001
BnaC01g32130D,GSBRNA2T00006586001
BnaC01g31810D,GSBRNA2T00006656001
BnaA01g36200D,GSBRNA2T00006748001
BnaCnng22230D,GSBRNA2T00006828001
BnaC07g48980D,GSBRNA2T00006844001
BnaA04g27920D,GSBRNA2T00007060001
BnaC03g61120D,GSBRNA2T00007203001
BnaC03g61130D,GSBRNA2T00007204001
BnaCnng22600D,GSBRNA2T00007215001
BnaA04g10650D,GSBRNA2T00007616001
BnaCnng23320D,GSBRNA2T00007844001
BnaC04g53630D,GSBRNA2T00007890001
BnaC04g53640D,GSBRNA2T00007891001
BnaA06g38760D,GSBRNA2T00007949001
BnaA06g39660D,GSBRNA2T00008196001
BnaC03g77940D,GSBRNA2T00008222001
BnaCnng23930D,GSBRNA2T00008235001
BnaA06g01590D,GSBRNA2T00008252001
BnaA06g01630D,GSBRNA2T00008256001
BnaCnng70330D,GSBRNA2T00008387001
BnaCnng24310D,GSBRNA2T00008535001
BnaAnng12250D,GSBRNA2T00008759001
BnaAnng12260D,GSBRNA2T00008760001
BnaUnng04110D,GSBRNA2T00008780001
BnaCnng70590D,GSBRNA2T00008810001
BnaC05g09030D,GSBRNA2T00008938001
BnaC05g09070D,GSBRNA2T00008945001
BnaC05g09210D,GSBRNA2T00008961001
BnaC04g11110D,GSBRNA2T00009085001
BnaC09g13570D,GSBRNA2T00009183001
BnaA05g19790D,GSBRNA2T00009228001
BnaA05g20100D,GSBRNA2T00009267001
BnaA05g20120D,GSBRNA2T00009269001
BnaA05g20350D,GSBRNA2T00009300001
BnaA09g04510D,GSBRNA2T00009548001
BnaA09g04690D,GSBRNA2T00009575001
BnaA09g04980D,GSBRNA2T00009609001
BnaA09g05060D,GSBRNA2T00009617001
BnaA09g02760D,GSBRNA2T00009793001
BnaA09g02720D,GSBRNA2T00009801001
BnaA09g02360D,GSBRNA2T00009847001
BnaA09g02240D,GSBRNA2T00009862001
BnaA09g01980D,GSBRNA2T00009894001
BnaA01g29270D,GSBRNA2T00009923001
BnaA01g29240D,GSBRNA2T00009926001
BnaA01g28610D,GSBRNA2T00010006001
BnaC09g30230D,GSBRNA2T00010111001
BnaC09g29940D,GSBRNA2T00010193001
BnaC09g29920D,GSBRNA2T00010197001
BnaA01g36310D,GSBRNA2T00010257001
BnaA05g35970D,GSBRNA2T00010329001
BnaA09g56680D,GSBRNA2T00010425001
BnaAnng35830D,GSBRNA2T00010563001
BnaAnng12450D,GSBRNA2T00010618001
BnaA09g57020D,GSBRNA2T00010901001
BnaAnng35900D,GSBRNA2T00010938001
BnaC04g52890D,GSBRNA2T00011139001
BnaA07g37870D,GSBRNA2T00011249001
BnaAnng36130D,GSBRNA2T00011356001
BnaAnng36210D,GSBRNA2T00011400001
BnaAnng12900D,GSBRNA2T00011506001
BnaA09g57180D,GSBRNA2T00011509001
BnaA06g38800D,GSBRNA2T00011530001
BnaA07g37420D,GSBRNA2T00011541001
BnaA07g38190D,GSBRNA2T00011680001
BnaCnng25840D,GSBRNA2T00011813001
BnaAnng36480D,GSBRNA2T00012103001
BnaC04g36710D,GSBRNA2T00012199001
BnaC04g36640D,GSBRNA2T00012213001
BnaC04g36290D,GSBRNA2T00012266001
BnaC01g24000D,GSBRNA2T00012313001
BnaC02g24210D,GSBRNA2T00012422001
BnaC02g24100D,GSBRNA2T00012459001
BnaC04g05620D,GSBRNA2T00012577001
BnaC07g11960D,GSBRNA2T00012645001
BnaC08g14670D,GSBRNA2T00012758001
BnaA02g08540D,GSBRNA2T00012920001
BnaC07g06600D,GSBRNA2T00013069001
BnaC05g26420D,GSBRNA2T00013138001
BnaC05g26280D,GSBRNA2T00013172001
BnaC05g26060D,GSBRNA2T00013221001
BnaC06g01480D,GSBRNA2T00013296001
BnaC06g01550D,GSBRNA2T00013308001
BnaC08g47290D,GSBRNA2T00013339001
BnaC07g50830D,GSBRNA2T00013759001
BnaC07g50850D,GSBRNA2T00013761001
BnaC02g47410D,GSBRNA2T00013808001
BnaCnng26710D,GSBRNA2T00013887001
BnaCnng26730D,GSBRNA2T00013889001
BnaC06g07290D,GSBRNA2T00013942001
BnaC09g53690D,GSBRNA2T00013982001
BnaC04g56610D,GSBRNA2T00014087001
BnaC02g45540D,GSBRNA2T00014102001
BnaC02g45560D,GSBRNA2T00014105001
BnaC08g49050D,GSBRNA2T00014168001
BnaAnng37030D,GSBRNA2T00014218001
BnaCnng27260D,GSBRNA2T00014291001
BnaC01g42320D,GSBRNA2T00014511001
BnaAnng37230D,GSBRNA2T00014550001
BnaCnng72700D,GSBRNA2T00014561001
BnaCnng27540D,GSBRNA2T00014598001
BnaA06g40970D,GSBRNA2T00014673001
BnaAnng37370D,GSBRNA2T00014737001
BnaC02g48550D,GSBRNA2T00014796001
BnaCnng27730D,GSBRNA2T00014914001
BnaCnng72950D,GSBRNA2T00015043001
BnaA08g24880D,GSBRNA2T00015200001
BnaA08g24680D,GSBRNA2T00015225001
BnaA08g24430D,GSBRNA2T00015256001
BnaA08g24390D,GSBRNA2T00015260001
BnaA08g24270D,GSBRNA2T00015275001
BnaA01g33660D,GSBRNA2T00015321001
BnaA01g33760D,GSBRNA2T00015332001
BnaA01g33880D,GSBRNA2T00015346001
BnaC03g30020D,GSBRNA2T00015659001
BnaC03g30060D,GSBRNA2T00015664001
BnaA09g30650D,GSBRNA2T00015724001
BnaA09g30240D,GSBRNA2T00015781001
BnaA09g30170D,GSBRNA2T00015791001
BnaC03g27330D,GSBRNA2T00015870001
BnaC03g27180D,GSBRNA2T00015895001
BnaC03g26960D,GSBRNA2T00015934001
BnaC09g47460D,GSBRNA2T00015999001
BnaC09g47360D,GSBRNA2T00016009001
BnaC09g47290D,GSBRNA2T00016022001
BnaC09g47240D,GSBRNA2T00016029001
BnaC09g47160D,GSBRNA2T00016039001
BnaC09g46970D,GSBRNA2T00016062001
BnaC09g46740D,GSBRNA2T00016088001
BnaA09g44170D,GSBRNA2T00016151001
BnaA09g44740D,GSBRNA2T00016222001
BnaA09g45010D,GSBRNA2T00016257001
BnaA09g45200D,GSBRNA2T00016280001
BnaA06g20450D,GSBRNA2T00016296001
BnaA06g20560D,GSBRNA2T00016319001
BnaA06g20750D,GSBRNA2T00016352001
BnaA06g20780D,GSBRNA2T00016360001
BnaA06g20870D,GSBRNA2T00016380001
BnaA02g34760D,GSBRNA2T00016389001
BnaA02g34830D,GSBRNA2T00016400001
BnaAnng13720D,GSBRNA2T00016476001
BnaCnng28410D,GSBRNA2T00016502001
BnaC02g44970D,GSBRNA2T00016592001
BnaCnng73240D,GSBRNA2T00016749001
BnaA04g29190D,GSBRNA2T00016831001
BnaC08g46330D,GSBRNA2T00016842001
BnaAnng37790D,GSBRNA2T00016898001
BnaA05g34380D,GSBRNA2T00016976001
BnaA05g34430D,GSBRNA2T00016981001
BnaA04g29520D,GSBRNA2T00017002001
BnaA01g36400D,GSBRNA2T00017053001
BnaA03g58230D,GSBRNA2T00017142001
BnaA03g58240D,GSBRNA2T00017143001
BnaA01g35230D,GSBRNA2T00017225001
BnaCnng29090D,GSBRNA2T00017354001
BnaCnng29190D,GSBRNA2T00017367001
BnaCnng29330D,GSBRNA2T00017390001
BnaA04g29150D,GSBRNA2T00017494001
BnaA08g29220D,GSBRNA2T00017673001
BnaA02g20200D,GSBRNA2T00017868001
BnaA09g55810D,GSBRNA2T00018040001
BnaCnng73920D,GSBRNA2T00018056001
BnaC01g36020D,GSBRNA2T00018147001
BnaC01g35930D,GSBRNA2T00018158001
BnaC09g00030D,GSBRNA2T00018219001
BnaC09g00310D,GSBRNA2T00018253001
BnaC09g00430D,GSBRNA2T00018266001
BnaC09g00440D,GSBRNA2T00018267001
BnaC09g00580D,GSBRNA2T00018282001
BnaC09g00770D,GSBRNA2T00018306001
BnaC09g01020D,GSBRNA2T00018342001
BnaC09g01090D,GSBRNA2T00018354001
BnaA09g00610D,GSBRNA2T00018397001
BnaA09g00650D,GSBRNA2T00018407001
BnaA09g00830D,GSBRNA2T00018432001
BnaA09g01150D,GSBRNA2T00018472001
BnaA09g01280D,GSBRNA2T00018485001
BnaA09g01420D,GSBRNA2T00018500001
BnaA09g01470D,GSBRNA2T00018506001
BnaC01g39360D,GSBRNA2T00018568001
BnaC02g25850D,GSBRNA2T00018739001
BnaA06g37040D,GSBRNA2T00018868001
BnaC03g61440D,GSBRNA2T00018951001
BnaC03g22980D,GSBRNA2T00019050001
BnaC03g23300D,GSBRNA2T00019101001
BnaC03g23410D,GSBRNA2T00019118001
BnaC03g23440D,GSBRNA2T00019122001
BnaC03g23740D,GSBRNA2T00019167001
BnaC05g24140D,GSBRNA2T00019191001
BnaC08g42480D,GSBRNA2T00019279001
BnaC08g43490D,GSBRNA2T00019388001
BnaC07g50320D,GSBRNA2T00019429001
BnaCnng30110D,GSBRNA2T00019454001
BnaAnng14260D,GSBRNA2T00019485001
BnaC03g73430D,GSBRNA2T00019779001
BnaCnng30700D,GSBRNA2T00019788001
BnaA02g11310D,GSBRNA2T00019878001
BnaC07g48220D,GSBRNA2T00019890001
BnaC01g38650D,GSBRNA2T00019941001
BnaA06g40660D,GSBRNA2T00020049001
BnaA02g36110D,GSBRNA2T00020088001
BnaC09g54260D,GSBRNA2T00020129001
BnaAnng38880D,GSBRNA2T00020518001
BnaCnng31530D,GSBRNA2T00020531001
BnaC04g56940D,GSBRNA2T00020557001
BnaA09g52600D,GSBRNA2T00020569001
BnaC04g53540D,GSBRNA2T00020587001
BnaC04g53550D,GSBRNA2T00020588001
BnaC04g53560D,GSBRNA2T00020589001
BnaA08g20300D,GSBRNA2T00020791001
BnaCnng74800D,GSBRNA2T00020816001
BnaCnng32000D,GSBRNA2T00020939001
BnaA08g05630D,GSBRNA2T00021037001
BnaA06g02910D,GSBRNA2T00021124001
BnaA06g02810D,GSBRNA2T00021138001
BnaA06g02140D,GSBRNA2T00021219001
BnaA01g18320D,GSBRNA2T00021261001
BnaA01g18640D,GSBRNA2T00021302001
BnaC03g40970D,GSBRNA2T00021383001
BnaC03g40830D,GSBRNA2T00021407001
BnaC03g40750D,GSBRNA2T00021424001
BnaC03g40740D,GSBRNA2T00021427001
BnaC07g31150D,GSBRNA2T00021545001
BnaC09g18860D,GSBRNA2T00021648001
BnaA04g05950D,GSBRNA2T00021694001
BnaA08g12990D,GSBRNA2T00021806001
BnaA08g12330D,GSBRNA2T00021893001
BnaC04g48960D,GSBRNA2T00021968001
BnaC04g49400D,GSBRNA2T00022021001
BnaC04g49480D,GSBRNA2T00022029001
BnaC04g49850D,GSBRNA2T00022075001
BnaC04g49930D,GSBRNA2T00022083001
BnaC06g24570D,GSBRNA2T00022120001
BnaCnng32080D,GSBRNA2T00022260001
BnaAnng14580D,GSBRNA2T00022264001
BnaA05g33580D,GSBRNA2T00022306001
BnaA05g33500D,GSBRNA2T00022315001
BnaCnng32150D,GSBRNA2T00022374001
BnaAnng14750D,GSBRNA2T00022403001
BnaC03g77030D,GSBRNA2T00022584001
BnaC03g77040D,GSBRNA2T00022585001
BnaC02g45020D,GSBRNA2T00022603001
BnaA10g28060D,GSBRNA2T00022730001
BnaA10g28090D,GSBRNA2T00022733001
BnaA09g55530D,GSBRNA2T00022772001
BnaC09g54390D,GSBRNA2T00022792001
BnaCnng32620D,GSBRNA2T00022890001
BnaCnng75380D,GSBRNA2T00022949001
BnaCnng32750D,GSBRNA2T00023177001
BnaC04g51730D,GSBRNA2T00023417001
BnaC09g54550D,GSBRNA2T00023583001
BnaA03g57540D,GSBRNA2T00023638001
BnaC05g40220D,GSBRNA2T00023765001
BnaC05g39980D,GSBRNA2T00023807001
BnaC05g39970D,GSBRNA2T00023808001
BnaA05g17600D,GSBRNA2T00023924001
BnaC04g44000D,GSBRNA2T00024045001
BnaC04g02020D,GSBRNA2T00024250001
BnaC04g01930D,GSBRNA2T00024261001
BnaC02g29610D,GSBRNA2T00024361001
BnaC03g17600D,GSBRNA2T00024433001
BnaC03g17450D,GSBRNA2T00024450001
BnaC03g16960D,GSBRNA2T00024511001
BnaC03g16950D,GSBRNA2T00024512001
BnaA06g00780D,GSBRNA2T00024623001
BnaA06g00850D,GSBRNA2T00024634001
BnaC03g57320D,GSBRNA2T00024727001
BnaCnng33300D,GSBRNA2T00024806001
BnaC03g12430D,GSBRNA2T00024844001
BnaA01g32310D,GSBRNA2T00024978001
BnaC07g50650D,GSBRNA2T00025043001
BnaAnng39990D,GSBRNA2T00025070001
BnaAnng15470D,GSBRNA2T00025176001
BnaAnng40060D,GSBRNA2T00025211001
BnaAnng15750D,GSBRNA2T00025496001
BnaA01g34990D,GSBRNA2T00025604001
BnaC08g48490D,GSBRNA2T00025623001
BnaCnng76580D,GSBRNA2T00025818001
BnaAnng16000D,GSBRNA2T00025876001
BnaCnng35000D,GSBRNA2T00026158001
BnaC03g72040D,GSBRNA2T00026174001
BnaCnng35030D,GSBRNA2T00026194001
BnaCnng35100D,GSBRNA2T00026204001
BnaC01g37680D,GSBRNA2T00026279001
BnaC01g37690D,GSBRNA2T00026282001
BnaA07g02540D,GSBRNA2T00026530001
BnaA07g02890D,GSBRNA2T00026577001
BnaC05g35150D,GSBRNA2T00026692001
BnaC05g34660D,GSBRNA2T00026775001
BnaA01g22040D,GSBRNA2T00026798001
BnaA01g22540D,GSBRNA2T00026867001
BnaC05g32390D,GSBRNA2T00026878001
BnaC05g32840D,GSBRNA2T00026945001
BnaA05g30420D,GSBRNA2T00027018001
BnaA05g30610D,GSBRNA2T00027039001
BnaA05g30630D,GSBRNA2T00027041001
BnaA05g30680D,GSBRNA2T00027046001
BnaA05g30730D,GSBRNA2T00027052001
BnaA08g15200D,GSBRNA2T00027241001
BnaA08g14920D,GSBRNA2T00027285001
BnaAnng16110D,GSBRNA2T00027512001
BnaC07g51130D,GSBRNA2T00027603001
BnaC07g51140D,GSBRNA2T00027605001
BnaC07g51170D,GSBRNA2T00027608001
BnaA03g59170D,GSBRNA2T00027623001
BnaC08g49310D,GSBRNA2T00027660001
BnaC03g75540D,GSBRNA2T00027770001
BnaA07g36300D,GSBRNA2T00027975001
BnaA02g37020D,GSBRNA2T00027985001
BnaA02g37030D,GSBRNA2T00027986001
BnaA09g52390D,GSBRNA2T00028067001
BnaCnng35700D,GSBRNA2T00028142001
BnaA07g38980D,GSBRNA2T00028223001
BnaA03g55790D,GSBRNA2T00028368001
BnaC05g49310D,GSBRNA2T00028399001
BnaA03g59800D,GSBRNA2T00028621001
BnaC01g29820D,GSBRNA2T00029395001
BnaC01g30110D,GSBRNA2T00029451001
BnaA05g19070D,GSBRNA2T00029504001
BnaCnng77870D,GSBRNA2T00030053001
BnaC05g50770D,GSBRNA2T00030085001
BnaA01g37280D,GSBRNA2T00030094001
BnaA08g29530D,GSBRNA2T00030126001
BnaA01g34770D,GSBRNA2T00030127001
BnaCnng36960D,GSBRNA2T00030155001
BnaAnng41330D,GSBRNA2T00030184001
BnaC03g77620D,GSBRNA2T00030212001
BnaAnng17380D,GSBRNA2T00030459001
BnaA07g38540D,GSBRNA2T00030462001
BnaA07g38550D,GSBRNA2T00030463001
BnaC06g41110D,GSBRNA2T00030521001
BnaC06g41140D,GSBRNA2T00030525001
BnaC05g49050D,GSBRNA2T00030626001
BnaAnng17420D,GSBRNA2T00030701001
BnaA02g26590D,GSBRNA2T00030811001
BnaA02g26330D,GSBRNA2T00030850001
BnaC02g20100D,GSBRNA2T00030983001
BnaC05g23780D,GSBRNA2T00031136001
BnaC05g23730D,GSBRNA2T00031147001
BnaC05g23720D,GSBRNA2T00031148001
BnaC07g34540D,GSBRNA2T00031244001
BnaC07g34250D,GSBRNA2T00031281001
BnaC07g33500D,GSBRNA2T00031382001
BnaC07g32980D,GSBRNA2T00031462001
BnaC09g43660D,GSBRNA2T00031507001
BnaC09g43630D,GSBRNA2T00031512001
BnaC09g43380D,GSBRNA2T00031546001
BnaC09g43370D,GSBRNA2T00031548001
BnaC09g43190D,GSBRNA2T00031578001
BnaC09g42780D,GSBRNA2T00031639001
BnaC09g42760D,GSBRNA2T00031641001
BnaC09g42740D,GSBRNA2T00031643001
BnaC08g45100D,GSBRNA2T00031711001
BnaC08g44880D,GSBRNA2T00031735001
BnaC08g44820D,GSBRNA2T00031741001
BnaC08g44620D,GSBRNA2T00031767001
BnaC08g44610D,GSBRNA2T00031769001
BnaC08g44600D,GSBRNA2T00031770001
BnaC08g43890D,GSBRNA2T00031857001
BnaC08g43550D,GSBRNA2T00031896001
BnaC05g04140D,GSBRNA2T00031986001
BnaC05g04350D,GSBRNA2T00032011001
BnaC05g04890D,GSBRNA2T00032070001
BnaC05g05170D,GSBRNA2T00032102001
BnaC05g05190D,GSBRNA2T00032104001
BnaCnng02920D,GSBRNA2T00032299001
BnaCnng02950D,GSBRNA2T00032302001
BnaC03g70650D,GSBRNA2T00032509001
BnaC09g11240D,GSBRNA2T00032732001
BnaC09g11260D,GSBRNA2T00032740001
BnaC09g11930D,GSBRNA2T00032829001
BnaA04g12860D,GSBRNA2T00032859001
BnaA04g13230D,GSBRNA2T00032916001
BnaC05g25340D,GSBRNA2T00032956001
BnaC03g69760D,GSBRNA2T00033046001
BnaC09g32980D,GSBRNA2T00033413001
BnaC06g06220D,GSBRNA2T00033534001
BnaC03g74750D,GSBRNA2T00033737001
BnaAnng41590D,GSBRNA2T00033806001
BnaA02g34960D,GSBRNA2T00033853001
BnaA02g35010D,GSBRNA2T00033860001
BnaCnng37950D,GSBRNA2T00033972001
BnaA09g29890D,GSBRNA2T00034004001
BnaAnng41850D,GSBRNA2T00034185001
BnaCnng38260D,GSBRNA2T00034223001
BnaCnng78700D,GSBRNA2T00034312001
BnaC03g72600D,GSBRNA2T00034359001
BnaCnng78750D,GSBRNA2T00034442001
BnaCnng38620D,GSBRNA2T00034534001
BnaCnng38630D,GSBRNA2T00034535001
BnaC07g49710D,GSBRNA2T00034570001
BnaA06g12620D,GSBRNA2T00034808001
BnaA06g12420D,GSBRNA2T00034833001
BnaA06g12350D,GSBRNA2T00034841001
BnaA06g12110D,GSBRNA2T00034872001
BnaA06g11890D,GSBRNA2T00034897001
BnaA09g26740D,GSBRNA2T00035029001
BnaA02g23660D,GSBRNA2T00035186001
BnaC09g42490D,GSBRNA2T00035206001
BnaC09g42430D,GSBRNA2T00035215001
BnaC09g41840D,GSBRNA2T00035290001
BnaC09g41590D,GSBRNA2T00035326001
BnaC09g41580D,GSBRNA2T00035328001
BnaC01g23800D,GSBRNA2T00035359001
BnaA09g47360D,GSBRNA2T00035399001
BnaA09g47340D,GSBRNA2T00035401001
BnaA09g47070D,GSBRNA2T00035437001
BnaA09g47050D,GSBRNA2T00035439001
BnaA09g46860D,GSBRNA2T00035460001
BnaA09g46780D,GSBRNA2T00035470001
BnaA09g46580D,GSBRNA2T00035494001
BnaA09g46260D,GSBRNA2T00035531001
BnaA06g13330D,GSBRNA2T00035584001
BnaC09g09050D,GSBRNA2T00035711001
BnaC09g09340D,GSBRNA2T00035751001
BnaA03g57160D,GSBRNA2T00035806001
BnaA06g39380D,GSBRNA2T00036252001
BnaA02g18610D,GSBRNA2T00036494001
BnaA05g17940D,GSBRNA2T00036635001
BnaC09g36490D,GSBRNA2T00036664001
BnaA02g11130D,GSBRNA2T00036916001
BnaA02g11200D,GSBRNA2T00036927001
BnaA02g11210D,GSBRNA2T00036929001
BnaA08g07690D,GSBRNA2T00036968001
BnaA09g36120D,GSBRNA2T00037061001
BnaA09g35870D,GSBRNA2T00037087001
BnaA09g35800D,GSBRNA2T00037096001
BnaA09g35560D,GSBRNA2T00037120001
BnaA09g35550D,GSBRNA2T00037121001
BnaA09g35510D,GSBRNA2T00037127001
BnaC04g50320D,GSBRNA2T00037314001
BnaC04g50300D,GSBRNA2T00037317001
BnaC04g50290D,GSBRNA2T00037318001
BnaC04g50270D,GSBRNA2T00037324001
BnaC03g64520D,GSBRNA2T00037375001
BnaC03g64870D,GSBRNA2T00037439001
BnaAnng18230D,GSBRNA2T00037465001
BnaA06g03370D,GSBRNA2T00037670001
BnaAnng18410D,GSBRNA2T00037730001
BnaA08g31180D,GSBRNA2T00037779001
BnaCnng41300D,GSBRNA2T00037873001
BnaAnng18690D,GSBRNA2T00038040001
BnaA09g28160D,GSBRNA2T00038332001
BnaA09g28100D,GSBRNA2T00038341001
BnaA05g31220D,GSBRNA2T00038508001
BnaA05g31230D,GSBRNA2T00038509001
BnaCnng05250D,GSBRNA2T00038850001
BnaC05g43860D,GSBRNA2T00038908001
BnaC05g44490D,GSBRNA2T00038987001
BnaC06g02740D,GSBRNA2T00039051001
BnaCnng42100D,GSBRNA2T00039289001
BnaCnng42420D,GSBRNA2T00039529001
BnaC08g49410D,GSBRNA2T00039646001
BnaA01g06830D,GSBRNA2T00039878001
BnaA01g06800D,GSBRNA2T00039884001
BnaC03g66790D,GSBRNA2T00040020001
BnaA05g18290D,GSBRNA2T00040255001
BnaC07g12860D,GSBRNA2T00040341001
BnaC02g36630D,GSBRNA2T00040398001
BnaC02g36240D,GSBRNA2T00040460001
BnaC02g19290D,GSBRNA2T00040507001
BnaA06g19490D,GSBRNA2T00040575001
BnaCnng42960D,GSBRNA2T00040788001
BnaCnng43000D,GSBRNA2T00040804001
BnaCnng43160D,GSBRNA2T00040907001
BnaA01g36630D,GSBRNA2T00040971001
BnaCnng43630D,GSBRNA2T00041068001
BnaCnng06230D,GSBRNA2T00041375001
BnaA02g09890D,GSBRNA2T00041448001
BnaA02g10060D,GSBRNA2T00041473001
BnaA02g10220D,GSBRNA2T00041496001
BnaC06g26670D,GSBRNA2T00041561001
BnaA02g25010D,GSBRNA2T00041690001
BnaC07g32020D,GSBRNA2T00041719001
BnaC07g32140D,GSBRNA2T00041737001
BnaC09g18140D,GSBRNA2T00041842001
BnaC09g18430D,GSBRNA2T00041897001
BnaC09g18480D,GSBRNA2T00041907001
BnaA09g53800D,GSBRNA2T00041930001
BnaC09g15440D,GSBRNA2T00041995001
BnaA06g25630D,GSBRNA2T00042094001
BnaA06g25230D,GSBRNA2T00042162001
BnaA06g25210D,GSBRNA2T00042164001
BnaC01g19630D,GSBRNA2T00042280001
BnaC08g48320D,GSBRNA2T00042422001
BnaAnng19520D,GSBRNA2T00042489001
BnaC08g46660D,GSBRNA2T00042530001
BnaA06g37880D,GSBRNA2T00042667001
BnaA02g35900D,GSBRNA2T00042769001
BnaA08g31590D,GSBRNA2T00042793001
BnaA08g31650D,GSBRNA2T00042800001
BnaA06g14340D,GSBRNA2T00042940001
BnaA06g13900D,GSBRNA2T00043000001
BnaA06g13760D,GSBRNA2T00043017001
BnaA06g14520D,GSBRNA2T00043214001
BnaA06g14510D,GSBRNA2T00043215001
BnaA06g14400D,GSBRNA2T00043228001
BnaA03g53930D,GSBRNA2T00043261001
BnaA03g53940D,GSBRNA2T00043262001
BnaA04g17900D,GSBRNA2T00043391001
BnaA04g17880D,GSBRNA2T00043396001
BnaA04g17860D,GSBRNA2T00043400001
BnaA04g17570D,GSBRNA2T00043434001
BnaA04g17560D,GSBRNA2T00043435001
BnaA04g17150D,GSBRNA2T00043495001
BnaAnng03490D,GSBRNA2T00043538001
BnaA01g19100D,GSBRNA2T00043605001
BnaA01g18990D,GSBRNA2T00043622001
BnaA01g18870D,GSBRNA2T00043644001
BnaC05g32000D,GSBRNA2T00043675001
BnaA02g36250D,GSBRNA2T00043752001
BnaAnng19660D,GSBRNA2T00043759001
BnaAnng19730D,GSBRNA2T00043864001
BnaAnng19740D,GSBRNA2T00043865001
BnaAnng19770D,GSBRNA2T00043868001
BnaCnng45600D,GSBRNA2T00043891001
BnaA05g34870D,GSBRNA2T00043979001
BnaA05g34880D,GSBRNA2T00043981001
BnaC03g76050D,GSBRNA2T00044027001
BnaUnng01000D,GSBRNA2T00044181001
BnaA03g48610D,GSBRNA2T00044275001
BnaC01g40210D,GSBRNA2T00044509001
BnaC01g40160D,GSBRNA2T00044514001
BnaC05g09880D,GSBRNA2T00044567001
BnaC05g37720D,GSBRNA2T00044646001
BnaC05g37700D,GSBRNA2T00044648001
BnaC05g37680D,GSBRNA2T00044651001
BnaC05g37460D,GSBRNA2T00044680001
BnaC05g37450D,GSBRNA2T00044682001
BnaC05g37420D,GSBRNA2T00044685001
BnaA03g49690D,GSBRNA2T00044800001
BnaC04g31920D,GSBRNA2T00044936001
BnaA09g09450D,GSBRNA2T00045010001
BnaA09g09110D,GSBRNA2T00045054001
BnaA09g09100D,GSBRNA2T00045055001
BnaA04g24770D,GSBRNA2T00045067001
BnaA04g24820D,GSBRNA2T00045073001
BnaA04g25090D,GSBRNA2T00045106001
BnaA04g25510D,GSBRNA2T00045154001
BnaA04g25580D,GSBRNA2T00045161001
BnaA04g25870D,GSBRNA2T00045195001
BnaA04g15880D,GSBRNA2T00045275001
BnaC04g56240D,GSBRNA2T00045344001
BnaC09g47860D,GSBRNA2T00045443001
BnaC09g47880D,GSBRNA2T00045445001
BnaC09g47890D,GSBRNA2T00045446001
BnaA04g29010D,GSBRNA2T00045473001
BnaCnng46310D,GSBRNA2T00045491001
BnaCnng46320D,GSBRNA2T00045492001
BnaCnng46660D,GSBRNA2T00045633001
BnaCnng46690D,GSBRNA2T00045644001
BnaC05g49640D,GSBRNA2T00045711001
BnaC05g49660D,GSBRNA2T00045714001
BnaA01g35850D,GSBRNA2T00045763001
BnaAnng03760D,GSBRNA2T00045881001
BnaC07g16540D,GSBRNA2T00046166001
BnaC07g16640D,GSBRNA2T00046185001
BnaC09g14920D,GSBRNA2T00046454001
BnaA06g19780D,GSBRNA2T00046492001
BnaA06g19620D,GSBRNA2T00046522001
BnaC03g71950D,GSBRNA2T00046634001
BnaA02g35610D,GSBRNA2T00046666001
BnaC04g24540D,GSBRNA2T00046993001
BnaA08g26430D,GSBRNA2T00047174001
BnaA08g26850D,GSBRNA2T00047223001
BnaC08g15390D,GSBRNA2T00047390001
BnaA02g33780D,GSBRNA2T00047556001
BnaA07g03150D,GSBRNA2T00047586001
BnaC03g64000D,GSBRNA2T00047652001
BnaC03g63920D,GSBRNA2T00047664001
BnaC05g15770D,GSBRNA2T00047741001
BnaC05g15990D,GSBRNA2T00047776001
BnaA10g13400D,GSBRNA2T00047845001
BnaCnng48180D,GSBRNA2T00047980001
BnaCnng48230D,GSBRNA2T00047990001
BnaAnng20950D,GSBRNA2T00048108001
BnaC04g55570D,GSBRNA2T00048188001
BnaAnng21090D,GSBRNA2T00048225001
BnaA05g17260D,GSBRNA2T00048375001
BnaA05g12360D,GSBRNA2T00048486001
BnaA05g11950D,GSBRNA2T00048554001
BnaA05g11680D,GSBRNA2T00048591001
BnaA05g11380D,GSBRNA2T00048643001
BnaA05g11240D,GSBRNA2T00048665001
BnaA03g46760D,GSBRNA2T00048968001
BnaA03g47160D,GSBRNA2T00049016001
BnaC06g23490D,GSBRNA2T00049068001
BnaA03g00210D,GSBRNA2T00049202001
BnaA03g00260D,GSBRNA2T00049208001
BnaA03g00500D,GSBRNA2T00049232001
BnaA03g00510D,GSBRNA2T00049233001
BnaA03g00820D,GSBRNA2T00049269001
BnaA03g00990D,GSBRNA2T00049292001
BnaA03g01330D,GSBRNA2T00049334001
BnaA03g01650D,GSBRNA2T00049375001
BnaA03g01680D,GSBRNA2T00049378001
BnaA09g39290D,GSBRNA2T00049415001
BnaA09g40620D,GSBRNA2T00049576001
BnaC06g31770D,GSBRNA2T00049662001
BnaC06g31170D,GSBRNA2T00049745001
BnaC06g13120D,GSBRNA2T00049894001
BnaC06g13130D,GSBRNA2T00049895001
BnaC03g57770D,GSBRNA2T00050057001
BnaA03g54560D,GSBRNA2T00050100001
BnaA06g20340D,GSBRNA2T00050222001
BnaA05g09130D,GSBRNA2T00050235001
BnaA05g09050D,GSBRNA2T00050247001
BnaA04g17030D,GSBRNA2T00050419001
BnaA04g17120D,GSBRNA2T00050433001
BnaC07g15160D,GSBRNA2T00050598001
BnaC07g15270D,GSBRNA2T00050617001
BnaC06g15730D,GSBRNA2T00050808001
BnaC06g15930D,GSBRNA2T00050852001
BnaC06g16000D,GSBRNA2T00050861001
BnaC06g16010D,GSBRNA2T00050863001
BnaC06g16060D,GSBRNA2T00050875001
BnaA08g30050D,GSBRNA2T00051251001
BnaA03g60430D,GSBRNA2T00051314001
BnaA03g54620D,GSBRNA2T00051621001
BnaA01g17630D,GSBRNA2T00051655001
BnaA01g17520D,GSBRNA2T00051670001
BnaC01g36670D,GSBRNA2T00051870001
BnaC01g36700D,GSBRNA2T00051875001
BnaA03g60670D,GSBRNA2T00051946001
BnaA04g29610D,GSBRNA2T00052060001
BnaA09g54370D,GSBRNA2T00052070001
BnaA02g35580D,GSBRNA2T00052082001
BnaAnng21530D,GSBRNA2T00052112001
BnaCnng49630D,GSBRNA2T00052140001
BnaA01g34950D,GSBRNA2T00052184001
BnaCnng49760D,GSBRNA2T00052207001
BnaA09g51710D,GSBRNA2T00052289001
BnaA09g50890D,GSBRNA2T00052489001
BnaC03g15660D,GSBRNA2T00052621001
BnaC03g15760D,GSBRNA2T00052633001
BnaC03g16120D,GSBRNA2T00052681001
BnaC03g16150D,GSBRNA2T00052685001
BnaA02g07440D,GSBRNA2T00052724001
BnaA02g08090D,GSBRNA2T00052803001
BnaA10g10540D,GSBRNA2T00052864001
BnaC08g02340D,GSBRNA2T00052894001
BnaC08g02680D,GSBRNA2T00052957001
BnaA09g16630D,GSBRNA2T00053126001
BnaA09g16530D,GSBRNA2T00053140001
BnaA09g16400D,GSBRNA2T00053160001
BnaA09g16230D,GSBRNA2T00053184001
BnaA10g11850D,GSBRNA2T00053196001
BnaA10g11990D,GSBRNA2T00053211001
BnaA10g12410D,GSBRNA2T00053269001
BnaCnng50210D,GSBRNA2T00053317001
BnaAnng22250D,GSBRNA2T00053646001
BnaAnng22270D,GSBRNA2T00053648001
BnaC01g36910D,GSBRNA2T00053960001
BnaC01g36930D,GSBRNA2T00053968001
BnaC01g36940D,GSBRNA2T00053969001
BnaC01g37200D,GSBRNA2T00054009001
BnaA01g19750D,GSBRNA2T00054097001
BnaC05g12520D,GSBRNA2T00054164001
BnaC05g12460D,GSBRNA2T00054175001
BnaC05g12400D,GSBRNA2T00054181001
BnaC05g12180D,GSBRNA2T00054210001
BnaA07g04370D,GSBRNA2T00054284001
BnaA08g30740D,GSBRNA2T00054405001
BnaA06g38070D,GSBRNA2T00054636001
BnaA06g35670D,GSBRNA2T00054757001
BnaC01g28440D,GSBRNA2T00054932001
BnaC04g29480D,GSBRNA2T00055097001
BnaA09g45490D,GSBRNA2T00055155001
BnaCnng07260D,GSBRNA2T00055237001
BnaC06g04780D,GSBRNA2T00055370001
BnaA02g30970D,GSBRNA2T00055392001
BnaC03g60620D,GSBRNA2T00055649001
BnaCnng52220D,GSBRNA2T00055682001
BnaC02g43590D,GSBRNA2T00055819001
BnaC02g43560D,GSBRNA2T00055822001
BnaA09g27040D,GSBRNA2T00055987001
BnaA02g28880D,GSBRNA2T00056127001
BnaA02g28720D,GSBRNA2T00056149001
BnaA02g28690D,GSBRNA2T00056152001
BnaA02g28570D,GSBRNA2T00056168001
BnaA01g24740D,GSBRNA2T00056282001
BnaA01g13900D,GSBRNA2T00056319001
BnaA01g14440D,GSBRNA2T00056380001
BnaA01g14470D,GSBRNA2T00056383001
BnaA09g10960D,GSBRNA2T00056399001
BnaA09g10980D,GSBRNA2T00056402001
BnaA09g11470D,GSBRNA2T00056471001
BnaA09g11480D,GSBRNA2T00056472001
BnaA08g31100D,GSBRNA2T00056717001
BnaC03g56870D,GSBRNA2T00057027001
BnaC08g41620D,GSBRNA2T00057049001
BnaC08g41850D,GSBRNA2T00057079001
BnaC08g41860D,GSBRNA2T00057080001
BnaC08g41990D,GSBRNA2T00057097001
BnaA01g33260D,GSBRNA2T00057216001
BnaA01g33010D,GSBRNA2T00057249001
BnaA01g32860D,GSBRNA2T00057275001
BnaA09g41130D,GSBRNA2T00057285001
BnaA09g41140D,GSBRNA2T00057286001
BnaA09g41210D,GSBRNA2T00057293001
BnaA09g41540D,GSBRNA2T00057332001
BnaA09g41580D,GSBRNA2T00057336001
BnaA09g41630D,GSBRNA2T00057343001
BnaA09g47540D,GSBRNA2T00057384001
BnaA09g47550D,GSBRNA2T00057385001
BnaA01g32590D,GSBRNA2T00057505001
BnaA07g37260D,GSBRNA2T00057827001
BnaA06g10620D,GSBRNA2T00057917001
BnaA06g10900D,GSBRNA2T00057951001
BnaA06g10940D,GSBRNA2T00057955001
BnaA06g11400D,GSBRNA2T00058014001
BnaA06g11480D,GSBRNA2T00058023001
BnaC03g59610D,GSBRNA2T00058186001
BnaA03g19840D,GSBRNA2T00058353001
BnaA03g19550D,GSBRNA2T00058392001
BnaA03g19520D,GSBRNA2T00058395001
BnaA03g19500D,GSBRNA2T00058397001
BnaA03g19420D,GSBRNA2T00058408001
BnaA03g19280D,GSBRNA2T00058431001
BnaC03g62120D,GSBRNA2T00058455001
BnaC03g61970D,GSBRNA2T00058482001
BnaA01g23900D,GSBRNA2T00058567001
BnaA04g27830D,GSBRNA2T00058712001
BnaA09g52930D,GSBRNA2T00058801001
BnaCnng53570D,GSBRNA2T00058840001
BnaC02g09490D,GSBRNA2T00059088001
BnaC02g09500D,GSBRNA2T00059089001
BnaC02g38340D,GSBRNA2T00059208001
BnaC02g38300D,GSBRNA2T00059213001
BnaC02g38230D,GSBRNA2T00059225001
BnaA08g04610D,GSBRNA2T00059297001
BnaC09g37560D,GSBRNA2T00059333001
BnaC09g37760D,GSBRNA2T00059364001
BnaC09g37770D,GSBRNA2T00059366001
BnaA07g00980D,GSBRNA2T00059432001
BnaA07g00860D,GSBRNA2T00059449001
BnaA05g29950D,GSBRNA2T00059510001
BnaA05g29510D,GSBRNA2T00059561001
BnaA06g38550D,GSBRNA2T00059581001
BnaCnng53670D,GSBRNA2T00059587001
BnaA08g04430D,GSBRNA2T00059812001
BnaAnng04400D,GSBRNA2T00060085001
BnaAnng04450D,GSBRNA2T00060092001
BnaA01g31350D,GSBRNA2T00060251001
BnaC08g05150D,GSBRNA2T00060341001
BnaC04g32640D,GSBRNA2T00060384001
BnaC04g32730D,GSBRNA2T00060400001
BnaCnng54090D,GSBRNA2T00060503001
BnaAnng24020D,GSBRNA2T00060633001
BnaC03g12730D,GSBRNA2T00060673001
BnaC03g12740D,GSBRNA2T00060674001
BnaC03g13170D,GSBRNA2T00060728001
BnaA09g24950D,GSBRNA2T00061365001
BnaC08g08450D,GSBRNA2T00061544001
BnaC08g09240D,GSBRNA2T00061698001
BnaC08g09260D,GSBRNA2T00061704001
BnaC08g09470D,GSBRNA2T00061744001
BnaC06g01060D,GSBRNA2T00061996001
BnaC05g10050D,GSBRNA2T00062017001
BnaC03g48410D,GSBRNA2T00062143001
BnaA06g09770D,GSBRNA2T00062200001
BnaA06g09830D,GSBRNA2T00062209001
BnaA06g10080D,GSBRNA2T00062240001
BnaA07g04200D,GSBRNA2T00062377001
BnaA07g04150D,GSBRNA2T00062386001
BnaA07g04060D,GSBRNA2T00062402001
BnaC04g32090D,GSBRNA2T00062654001
BnaC04g32420D,GSBRNA2T00062709001
BnaA06g38500D,GSBRNA2T00062882001
BnaA06g16950D,GSBRNA2T00063045001
BnaC09g17760D,GSBRNA2T00063106001
BnaC06g12620D,GSBRNA2T00063183001
BnaC06g12560D,GSBRNA2T00063199001
BnaA04g26150D,GSBRNA2T00063244001
BnaC06g03680D,GSBRNA2T00063365001
BnaA02g24880D,GSBRNA2T00063439001
BnaC06g42250D,GSBRNA2T00063507001
BnaCnng55040D,GSBRNA2T00063599001
BnaA09g08390D,GSBRNA2T00063701001
BnaA09g08530D,GSBRNA2T00063719001
BnaCnng08030D,GSBRNA2T00063739001
BnaCnng08110D,GSBRNA2T00063758001
BnaC02g33620D,GSBRNA2T00063880001
BnaC05g30210D,GSBRNA2T00063985001
BnaC08g45590D,GSBRNA2T00063998001
BnaC08g45650D,GSBRNA2T00064005001
BnaC08g45660D,GSBRNA2T00064006001
BnaC08g45680D,GSBRNA2T00064008001
BnaC08g46110D,GSBRNA2T00064060001
BnaA05g34120D,GSBRNA2T00064168001
BnaA02g19820D,GSBRNA2T00064222001
BnaA02g19810D,GSBRNA2T00064223001
BnaA02g19670D,GSBRNA2T00064238001
BnaA02g19650D,GSBRNA2T00064240001
BnaA02g19640D,GSBRNA2T00064241001
BnaCnng08430D,GSBRNA2T00064278001
BnaAnng24600D,GSBRNA2T00064402001
BnaAnng24610D,GSBRNA2T00064403001
BnaAnng24670D,GSBRNA2T00064429001
BnaA04g19620D,GSBRNA2T00064606001
BnaAnng04690D,GSBRNA2T00064749001
BnaC04g31440D,GSBRNA2T00064822001
BnaCnng08630D,GSBRNA2T00065057001
BnaCnng08710D,GSBRNA2T00065066001
BnaCnng09200D,GSBRNA2T00065129001
BnaCnng55860D,GSBRNA2T00065281001
BnaC02g06960D,GSBRNA2T00065344001
BnaC02g06910D,GSBRNA2T00065349001
BnaC02g06570D,GSBRNA2T00065394001
BnaA07g02380D,GSBRNA2T00065441001
BnaA09g11870D,GSBRNA2T00065523001
BnaA09g11660D,GSBRNA2T00065551001
BnaA10g11280D,GSBRNA2T00065642001
BnaA10g11290D,GSBRNA2T00065643001
BnaC05g30190D,GSBRNA2T00065724001
BnaA02g18450D,GSBRNA2T00065756001
BnaA02g18580D,GSBRNA2T00065772001
BnaC01g10300D,GSBRNA2T00065857001
BnaA10g17010D,GSBRNA2T00065900001
BnaCnng55990D,GSBRNA2T00066024001
BnaCnng56000D,GSBRNA2T00066025001
BnaCnng56140D,GSBRNA2T00066099001
BnaC03g26840D,GSBRNA2T00066146001
BnaC03g26820D,GSBRNA2T00066149001
BnaA05g19720D,GSBRNA2T00066304001
BnaC02g23190D,GSBRNA2T00066377001
BnaC02g23180D,GSBRNA2T00066378001
BnaC02g22990D,GSBRNA2T00066417001
BnaC02g22980D,GSBRNA2T00066419001
BnaC03g15030D,GSBRNA2T00066536001
BnaC03g15020D,GSBRNA2T00066537001
BnaA07g28560D,GSBRNA2T00066583001
BnaA03g13310D,GSBRNA2T00066687001
BnaA03g13130D,GSBRNA2T00066707001
BnaA03g12940D,GSBRNA2T00066731001
BnaA03g12800D,GSBRNA2T00066748001
BnaAnng25180D,GSBRNA2T00066856001
BnaAnng25340D,GSBRNA2T00066941001
BnaC07g18360D,GSBRNA2T00067054001
BnaA02g17240D,GSBRNA2T00067171001
BnaA02g17470D,GSBRNA2T00067203001
BnaA01g29390D,GSBRNA2T00067283001
BnaC09g21870D,GSBRNA2T00067337001
BnaC09g21770D,GSBRNA2T00067352001
BnaC09g21740D,GSBRNA2T00067361001
BnaC06g27420D,GSBRNA2T00067475001
BnaC06g27380D,GSBRNA2T00067479001
BnaC06g27340D,GSBRNA2T00067483001
BnaCnng56820D,GSBRNA2T00067627001
BnaAnng25600D,GSBRNA2T00067693001
BnaC05g10560D,GSBRNA2T00067743001
BnaC05g10520D,GSBRNA2T00067747001
BnaC05g10420D,GSBRNA2T00067764001
BnaC05g10400D,GSBRNA2T00067767001
BnaC05g10390D,GSBRNA2T00067769001
BnaC05g15320D,GSBRNA2T00067796001
BnaAnng05520D,GSBRNA2T00067882001
BnaAnng05810D,GSBRNA2T00067916001
BnaCnng09340D,GSBRNA2T00068114001
BnaCnng09530D,GSBRNA2T00068139001
BnaC05g11450D,GSBRNA2T00068179001
BnaC05g11700D,GSBRNA2T00068210001
BnaA04g13980D,GSBRNA2T00068268001
BnaA04g07200D,GSBRNA2T00068483001
BnaA04g11280D,GSBRNA2T00068501001
BnaC02g42920D,GSBRNA2T00068647001
BnaC02g42580D,GSBRNA2T00068685001
BnaA09g14820D,GSBRNA2T00068752001
BnaA09g15090D,GSBRNA2T00068790001
BnaA09g15100D,GSBRNA2T00068792001
BnaC06g40190D,GSBRNA2T00068819001
BnaC06g40420D,GSBRNA2T00068846001
BnaC06g40540D,GSBRNA2T00068862001
BnaC05g13130D,GSBRNA2T00068898001
BnaC05g13040D,GSBRNA2T00068910001
BnaC05g12760D,GSBRNA2T00068942001
BnaAnng26080D,GSBRNA2T00069172001
BnaA09g34910D,GSBRNA2T00069356001
BnaA09g35230D,GSBRNA2T00069393001
BnaA07g09080D,GSBRNA2T00069465001
BnaA10g27260D,GSBRNA2T00069528001
BnaA02g26810D,GSBRNA2T00069560001
BnaC02g33150D,GSBRNA2T00069908001
BnaA09g53150D,GSBRNA2T00069954001
BnaA05g34230D,GSBRNA2T00069967001
BnaA02g12860D,GSBRNA2T00070122001
BnaC04g28970D,GSBRNA2T00070321001
BnaC07g16450D,GSBRNA2T00070396001
BnaC07g16130D,GSBRNA2T00070451001
BnaC07g16020D,GSBRNA2T00070465001
BnaA09g13970D,GSBRNA2T00070534001
BnaA09g13300D,GSBRNA2T00070630001
BnaA09g13190D,GSBRNA2T00070646001
BnaC02g29760D,GSBRNA2T00070693001
BnaA09g17560D,GSBRNA2T00070888001
BnaA09g17390D,GSBRNA2T00070910001
BnaA09g16810D,GSBRNA2T00070996001
BnaC04g26750D,GSBRNA2T00071023001
BnaC06g14670D,GSBRNA2T00071269001
BnaC06g14550D,GSBRNA2T00071288001
BnaC06g14480D,GSBRNA2T00071296001
BnaC06g14430D,GSBRNA2T00071301001
BnaC06g14170D,GSBRNA2T00071341001
BnaC06g14040D,GSBRNA2T00071362001
BnaA03g53300D,GSBRNA2T00071487001
BnaA03g53180D,GSBRNA2T00071509001
BnaA03g53120D,GSBRNA2T00071519001
BnaC02g41740D,GSBRNA2T00071723001
BnaCnng09750D,GSBRNA2T00071916001
BnaAnng26580D,GSBRNA2T00072090001
BnaA02g27860D,GSBRNA2T00072277001
BnaA02g27870D,GSBRNA2T00072278001
BnaA02g27920D,GSBRNA2T00072288001
BnaC05g14890D,GSBRNA2T00072328001
BnaA09g18640D,GSBRNA2T00072407001
BnaC08g26550D,GSBRNA2T00072614001
BnaA01g12540D,GSBRNA2T00072712001
BnaA01g12440D,GSBRNA2T00072724001
BnaA08g30760D,GSBRNA2T00072739001
BnaA01g32170D,GSBRNA2T00072849001
BnaA01g31820D,GSBRNA2T00072892001
BnaA01g31570D,GSBRNA2T00072923001
BnaA08g20710D,GSBRNA2T00073073001
BnaA08g20830D,GSBRNA2T00073090001
BnaA06g22770D,GSBRNA2T00073150001
BnaC04g00700D,GSBRNA2T00073184001
BnaC04g00690D,GSBRNA2T00073186001
BnaC04g00570D,GSBRNA2T00073200001
BnaC05g43370D,GSBRNA2T00073248001
BnaC03g62410D,GSBRNA2T00073303001
BnaC02g34830D,GSBRNA2T00073349001
BnaA09g15370D,GSBRNA2T00073420001
BnaCnng58690D,GSBRNA2T00073554001
BnaC02g13840D,GSBRNA2T00073644001
BnaC02g12100D,GSBRNA2T00073693001
BnaA08g03400D,GSBRNA2T00073772001
BnaA01g05220D,GSBRNA2T00073937001
BnaC04g00950D,GSBRNA2T00074030001
BnaC09g15310D,GSBRNA2T00074088001
BnaAnng27240D,GSBRNA2T00074212001
BnaCnng59050D,GSBRNA2T00074234001
BnaC03g65100D,GSBRNA2T00074398001
BnaA01g25880D,GSBRNA2T00074419001
BnaC02g17200D,GSBRNA2T00074608001
BnaCnng59310D,GSBRNA2T00074853001
BnaA10g08330D,GSBRNA2T00074880001
BnaC04g21990D,GSBRNA2T00074916001
BnaC06g03500D,GSBRNA2T00074957001
BnaC06g03470D,GSBRNA2T00074963001
BnaC08g10610D,GSBRNA2T00075005001
BnaA04g10460D,GSBRNA2T00075059001
BnaC01g00040D,GSBRNA2T00075095001
BnaA03g53690D,GSBRNA2T00075252001
BnaA03g47910D,GSBRNA2T00075294001
BnaA03g47730D,GSBRNA2T00075317001
BnaC01g22840D,GSBRNA2T00075340001
BnaC03g23820D,GSBRNA2T00075506001
BnaC05g47450D,GSBRNA2T00075637001
BnaA01g18160D,GSBRNA2T00075706001
BnaA01g17800D,GSBRNA2T00075755001
BnaCnng10780D,GSBRNA2T00075915001
BnaAnng27690D,GSBRNA2T00075963001
BnaAnng27710D,GSBRNA2T00075973001
BnaAnng27720D,GSBRNA2T00075974001
BnaA05g32350D,GSBRNA2T00076126001
BnaCnng11020D,GSBRNA2T00076168001
BnaCnng11080D,GSBRNA2T00076176001
BnaA07g07480D,GSBRNA2T00076213001
BnaC05g48350D,GSBRNA2T00076272001
BnaC05g48580D,GSBRNA2T00076299001
BnaA01g29830D,GSBRNA2T00076418001
BnaA01g29840D,GSBRNA2T00076419001
BnaCnng59880D,GSBRNA2T00076521001
BnaCnng60000D,GSBRNA2T00076566001
BnaA09g57150D,GSBRNA2T00076579001
BnaC07g14870D,GSBRNA2T00076633001
BnaC07g14970D,GSBRNA2T00076650001
BnaAnng07270D,GSBRNA2T00076684001
BnaA01g21430D,GSBRNA2T00076760001
BnaA01g21450D,GSBRNA2T00076771001
BnaA01g07220D,GSBRNA2T00076805001
BnaC09g17480D,GSBRNA2T00076925001
BnaC02g33030D,GSBRNA2T00076979001
BnaA04g20460D,GSBRNA2T00076989001
BnaA04g20420D,GSBRNA2T00076994001
BnaA04g20380D,GSBRNA2T00076999001
BnaA04g20360D,GSBRNA2T00077001001
BnaA04g20350D,GSBRNA2T00077002001
BnaA04g20340D,GSBRNA2T00077003001
BnaA04g20250D,GSBRNA2T00077014001
BnaCnng60030D,GSBRNA2T00077055001
BnaCnng60140D,GSBRNA2T00077077001
BnaCnng60170D,GSBRNA2T00077084001
BnaA01g37030D,GSBRNA2T00077095001
BnaAnng28180D,GSBRNA2T00077130001
BnaA06g23030D,GSBRNA2T00077265001
BnaA06g23250D,GSBRNA2T00077293001
BnaA06g23370D,GSBRNA2T00077306001
BnaC03g14590D,GSBRNA2T00077341001
BnaC09g33800D,GSBRNA2T00077410001
BnaA05g15210D,GSBRNA2T00077495001
BnaC04g21720D,GSBRNA2T00077547001
BnaA03g51170D,GSBRNA2T00077667001
BnaA03g51730D,GSBRNA2T00077752001
BnaA03g52330D,GSBRNA2T00077830001
BnaC02g23450D,GSBRNA2T00077866001
BnaA06g32970D,GSBRNA2T00078040001
BnaA06g32740D,GSBRNA2T00078068001
BnaA06g32440D,GSBRNA2T00078103001
BnaA06g32140D,GSBRNA2T00078134001
BnaA06g32070D,GSBRNA2T00078141001
BnaA06g32060D,GSBRNA2T00078142001
BnaA06g32050D,GSBRNA2T00078143001
BnaA06g31960D,GSBRNA2T00078154001
BnaA09g42930D,GSBRNA2T00078228001
BnaA09g43270D,GSBRNA2T00078268001
BnaC09g39160D,GSBRNA2T00078377001
BnaC09g38980D,GSBRNA2T00078407001
BnaC02g01450D,GSBRNA2T00078553001
BnaC02g01610D,GSBRNA2T00078572001
BnaC02g02210D,GSBRNA2T00078644001
BnaC02g02350D,GSBRNA2T00078663001
BnaC02g02400D,GSBRNA2T00078668001
BnaC02g02860D,GSBRNA2T00078723001
BnaA08g13140D,GSBRNA2T00078740001
BnaA08g13750D,GSBRNA2T00078823001
BnaA10g06870D,GSBRNA2T00078995001
BnaC03g21220D,GSBRNA2T00079156001
BnaC03g21190D,GSBRNA2T00079159001
BnaC03g21150D,GSBRNA2T00079166001
BnaC03g21030D,GSBRNA2T00079179001
BnaC03g49190D,GSBRNA2T00079263001
BnaC03g49110D,GSBRNA2T00079278001
BnaA05g25890D,GSBRNA2T00079391001
BnaA05g25900D,GSBRNA2T00079392001
BnaA08g15640D,GSBRNA2T00079452001
BnaC01g22230D,GSBRNA2T00079650001
BnaC03g24130D,GSBRNA2T00079713001
BnaC03g24420D,GSBRNA2T00079758001
BnaC02g41470D,GSBRNA2T00079782001
BnaC02g41390D,GSBRNA2T00079794001
BnaC02g03260D,GSBRNA2T00080011001
BnaC02g03240D,GSBRNA2T00080014001
BnaC07g24750D,GSBRNA2T00080133001
BnaC07g24820D,GSBRNA2T00080141001
BnaCnng11100D,GSBRNA2T00080169001
BnaCnng60730D,GSBRNA2T00080400001
BnaA10g29650D,GSBRNA2T00080429001
BnaA04g10240D,GSBRNA2T00080479001
BnaA04g09990D,GSBRNA2T00080514001
BnaA05g29170D,GSBRNA2T00080665001
BnaA05g28900D,GSBRNA2T00080694001
BnaA05g28740D,GSBRNA2T00080711001
BnaC09g22310D,GSBRNA2T00080737001
BnaC02g00740D,GSBRNA2T00080823001
BnaCnng11890D,GSBRNA2T00080861001
BnaCnng60930D,GSBRNA2T00080962001
BnaCnng61040D,GSBRNA2T00081010001
BnaCnng12150D,GSBRNA2T00081175001
BnaA08g11940D,GSBRNA2T00081275001
BnaA08g02140D,GSBRNA2T00081328001
BnaA02g04760D,GSBRNA2T00081382001
BnaC06g06420D,GSBRNA2T00081408001
BnaC06g06480D,GSBRNA2T00081432001
BnaA07g12480D,GSBRNA2T00081678001
BnaA06g09610D,GSBRNA2T00081736001
BnaA03g52900D,GSBRNA2T00081771001
BnaA09g12570D,GSBRNA2T00081863001
BnaA07g31810D,GSBRNA2T00081911001
BnaA07g31910D,GSBRNA2T00081922001
BnaA07g31940D,GSBRNA2T00081925001
BnaAnng29010D,GSBRNA2T00081950001
BnaCnng61390D,GSBRNA2T00082019001
BnaC09g12890D,GSBRNA2T00082099001
BnaCnng12720D,GSBRNA2T00082193001
BnaCnng12780D,GSBRNA2T00082200001
BnaCnng12820D,GSBRNA2T00082209001
BnaCnng12880D,GSBRNA2T00082223001
BnaCnng12960D,GSBRNA2T00082233001
BnaCnng13090D,GSBRNA2T00082251001
BnaA04g14510D,GSBRNA2T00082310001
BnaCnng13340D,GSBRNA2T00082364001
BnaAnng29170D,GSBRNA2T00082567001
BnaC02g42200D,GSBRNA2T00082685001
BnaC02g42190D,GSBRNA2T00082686001
BnaC03g16520D,GSBRNA2T00082771001
BnaAnng07910D,GSBRNA2T00082899001
BnaAnng07990D,GSBRNA2T00082907001
BnaAnng08030D,GSBRNA2T00082911001
BnaA02g17670D,GSBRNA2T00082938001
BnaA09g12970D,GSBRNA2T00082981001
BnaCnng61850D,GSBRNA2T00083043001
BnaA09g42100D,GSBRNA2T00083238001
BnaA09g42120D,GSBRNA2T00083240001
BnaA03g52690D,GSBRNA2T00083259001
BnaA03g52510D,GSBRNA2T00083277001
BnaA03g52470D,GSBRNA2T00083283001
BnaA04g14220D,GSBRNA2T00083306001
BnaA05g20600D,GSBRNA2T00083364001
BnaA01g23160D,GSBRNA2T00083401001
BnaCnng62090D,GSBRNA2T00083489001
BnaA08g30000D,GSBRNA2T00083522001
BnaCnng13890D,GSBRNA2T00083569001
BnaCnng13910D,GSBRNA2T00083571001
BnaC03g66190D,GSBRNA2T00083603001
BnaA07g01880D,GSBRNA2T00083709001
BnaC01g31590D,GSBRNA2T00083734001
BnaC01g31620D,GSBRNA2T00083737001
BnaA09g19870D,GSBRNA2T00083822001
BnaAnng29560D,GSBRNA2T00083856001
BnaC04g47480D,GSBRNA2T00084602001
BnaC04g47520D,GSBRNA2T00084608001
BnaC04g47590D,GSBRNA2T00084620001
BnaC04g47720D,GSBRNA2T00084637001
BnaC04g48360D,GSBRNA2T00084720001
BnaC04g48390D,GSBRNA2T00084723001
BnaC04g48640D,GSBRNA2T00084759001
BnaA02g22360D,GSBRNA2T00084801001
BnaA02g22680D,GSBRNA2T00084854001
BnaA10g09070D,GSBRNA2T00084909001
BnaA10g08760D,GSBRNA2T00084977001
BnaC05g00510D,GSBRNA2T00085352001
BnaC05g00720D,GSBRNA2T00085379001
BnaC05g00810D,GSBRNA2T00085388001
BnaC05g01200D,GSBRNA2T00085437001
BnaC04g42700D,GSBRNA2T00085640001
BnaA08g01810D,GSBRNA2T00085756001
BnaA03g48520D,GSBRNA2T00085950001
BnaC07g42110D,GSBRNA2T00086015001
BnaCnng14590D,GSBRNA2T00086219001
BnaA10g03180D,GSBRNA2T00086278001
BnaA10g03290D,GSBRNA2T00086290001
BnaA01g27800D,GSBRNA2T00086342001
BnaA09g12680D,GSBRNA2T00086402001
BnaAnng08180D,GSBRNA2T00086417001
BnaA02g32720D,GSBRNA2T00086459001
BnaC09g14250D,GSBRNA2T00086466001
BnaA03g12250D,GSBRNA2T00086695001
BnaA03g12180D,GSBRNA2T00086702001
BnaA08g05240D,GSBRNA2T00086832001
BnaAnng08570D,GSBRNA2T00086892001
BnaA02g29380D,GSBRNA2T00086973001
BnaA02g29390D,GSBRNA2T00086974001
BnaAnng30070D,GSBRNA2T00086995001
BnaCnng14630D,GSBRNA2T00087177001
BnaCnng14900D,GSBRNA2T00087218001
BnaCnng15110D,GSBRNA2T00087308001
BnaAnng30320D,GSBRNA2T00087378001
BnaA09g08770D,GSBRNA2T00087521001
BnaAnng09190D,GSBRNA2T00087583001
BnaCnng63430D,GSBRNA2T00087739001
BnaC05g18870D,GSBRNA2T00087850001
BnaC05g18900D,GSBRNA2T00087854001
BnaA10g04030D,GSBRNA2T00087981001
BnaA10g04040D,GSBRNA2T00087982001
BnaA02g16520D,GSBRNA2T00088021001
BnaA02g16510D,GSBRNA2T00088022001
BnaCnng15390D,GSBRNA2T00088028001
BnaCnng63770D,GSBRNA2T00088147001
BnaC07g06970D,GSBRNA2T00088243001
BnaAnng09250D,GSBRNA2T00088406001
BnaA10g28250D,GSBRNA2T00088573001
BnaA04g24530D,GSBRNA2T00088600001
BnaA02g16200D,GSBRNA2T00088679001
BnaCnng15780D,GSBRNA2T00088933001
BnaA04g15640D,GSBRNA2T00089019001
BnaCnng16050D,GSBRNA2T00089042001
BnaC01g31470D,GSBRNA2T00089173001
BnaA08g27600D,GSBRNA2T00089646001
BnaA08g27880D,GSBRNA2T00089674001
BnaA08g27970D,GSBRNA2T00089683001
BnaA08g28020D,GSBRNA2T00089688001
BnaA08g28820D,GSBRNA2T00089783001
BnaA07g08330D,GSBRNA2T00089869001
BnaA07g09030D,GSBRNA2T00089961001
BnaA04g12490D,GSBRNA2T00090218001
BnaA04g12460D,GSBRNA2T00090221001
BnaA04g12070D,GSBRNA2T00090265001
BnaC08g41500D,GSBRNA2T00090357001
BnaC08g40950D,GSBRNA2T00090417001
BnaC08g40850D,GSBRNA2T00090432001
BnaC08g40680D,GSBRNA2T00090453001
BnaC08g40330D,GSBRNA2T00090500001
BnaC08g40210D,GSBRNA2T00090519001
BnaA09g28840D,GSBRNA2T00090588001
BnaA09g28870D,GSBRNA2T00090591001
BnaA09g29000D,GSBRNA2T00090607001
BnaA09g29780D,GSBRNA2T00090708001
BnaA02g11430D,GSBRNA2T00090867001
BnaA02g11520D,GSBRNA2T00090876001
BnaA02g11550D,GSBRNA2T00090880001
BnaA02g11730D,GSBRNA2T00090900001
BnaA02g12270D,GSBRNA2T00090974001
BnaA02g12280D,GSBRNA2T00090976001
BnaA08g03180D,GSBRNA2T00091012001
BnaA08g02760D,GSBRNA2T00091085001
BnaA08g02470D,GSBRNA2T00091128001
BnaA09g01610D,GSBRNA2T00091301001
BnaAnng31150D,GSBRNA2T00091439001
BnaA09g10000D,GSBRNA2T00091616001
BnaA09g10050D,GSBRNA2T00091622001
BnaA09g14650D,GSBRNA2T00091889001
BnaA09g39000D,GSBRNA2T00092026001
BnaC06g12500D,GSBRNA2T00092289001
BnaA06g09070D,GSBRNA2T00092331001
BnaA06g08970D,GSBRNA2T00092341001
BnaA02g16720D,GSBRNA2T00092369001
BnaA10g06250D,GSBRNA2T00092419001
BnaAnng31480D,GSBRNA2T00092446001
BnaA09g55140D,GSBRNA2T00092625001
BnaA09g55150D,GSBRNA2T00092626001
BnaA03g51010D,GSBRNA2T00092703001
BnaA05g33200D,GSBRNA2T00092896001
BnaC09g53590D,GSBRNA2T00092950001
BnaA01g35580D,GSBRNA2T00092965001
BnaA09g42330D,GSBRNA2T00093017001
BnaC05g03170D,GSBRNA2T00093191001
BnaC05g03300D,GSBRNA2T00093206001
BnaAnng31940D,GSBRNA2T00093382001
BnaC09g41380D,GSBRNA2T00093535001
BnaA02g29070D,GSBRNA2T00093766001
BnaCnng18160D,GSBRNA2T00093833001
BnaC01g34640D,GSBRNA2T00093888001
BnaC02g43980D,GSBRNA2T00093908001
BnaA09g51580D,GSBRNA2T00093987001
BnaC09g51280D,GSBRNA2T00094037001
BnaCnng18330D,GSBRNA2T00094089001
BnaAnng32280D,GSBRNA2T00094244001
BnaC09g36820D,GSBRNA2T00094398001
BnaC09g36790D,GSBRNA2T00094401001
BnaC09g36710D,GSBRNA2T00094414001
BnaA09g19980D,GSBRNA2T00094450001
BnaA09g20130D,GSBRNA2T00094471001
BnaA09g20230D,GSBRNA2T00094481001
BnaA09g20370D,GSBRNA2T00094497001
BnaA09g06520D,GSBRNA2T00094597001
BnaA09g06330D,GSBRNA2T00094621001
BnaA09g06230D,GSBRNA2T00094633001
BnaA09g05680D,GSBRNA2T00094698001
BnaA09g05380D,GSBRNA2T00094730001
BnaA09g05370D,GSBRNA2T00094731001
BnaC09g40180D,GSBRNA2T00094792001
BnaC09g40930D,GSBRNA2T00094899001
BnaC06g00160D,GSBRNA2T00095095001
BnaC06g00250D,GSBRNA2T00095117001
BnaA05g10200D,GSBRNA2T00095230001
BnaA05g09340D,GSBRNA2T00095333001
BnaA05g09290D,GSBRNA2T00095339001
BnaA10g10200D,GSBRNA2T00095498001
BnaC03g65500D,GSBRNA2T00095710001
BnaC03g65310D,GSBRNA2T00095750001
BnaA06g00300D,GSBRNA2T00095781001
BnaC08g15900D,GSBRNA2T00096086001
BnaA03g47520D,GSBRNA2T00096129001
BnaA06g15140D,GSBRNA2T00096214001
BnaAnng32500D,GSBRNA2T00096262001
BnaA10g28380D,GSBRNA2T00096377001
BnaCnng19140D,GSBRNA2T00096603001
BnaCnng19150D,GSBRNA2T00096604001
BnaC09g28890D,GSBRNA2T00096622001
BnaC03g45040D,GSBRNA2T00096653001
BnaC03g45030D,GSBRNA2T00096654001
BnaAnng32790D,GSBRNA2T00096840001
BnaC09g17580D,GSBRNA2T00096855001
BnaCnng67150D,GSBRNA2T00097083001
BnaA05g35550D,GSBRNA2T00097322001
BnaAnng10690D,GSBRNA2T00097449001
BnaCnng19590D,GSBRNA2T00097501001
BnaCnng19720D,GSBRNA2T00097526001
BnaC04g52570D,GSBRNA2T00097544001
BnaCnng67400D,GSBRNA2T00097608001
BnaCnng67520D,GSBRNA2T00097644001
BnaAnng33180D,GSBRNA2T00097672001
BnaAnng33200D,GSBRNA2T00097675001
BnaC03g74470D,GSBRNA2T00097806001
BnaC09g52920D,GSBRNA2T00098066001
BnaA06g02990D,GSBRNA2T00098074001
BnaCnng67910D,GSBRNA2T00098200001
BnaA09g51830D,GSBRNA2T00098334001
BnaC06g02430D,GSBRNA2T00098369001
BnaC03g69020D,GSBRNA2T00098400001
BnaCnng68190D,GSBRNA2T00098479001
BnaA07g14420D,GSBRNA2T00098486001
BnaA07g14600D,GSBRNA2T00098511001
BnaA07g14670D,GSBRNA2T00098521001
BnaA07g15060D,GSBRNA2T00098570001
BnaA07g15160D,GSBRNA2T00098582001
BnaA07g15740D,GSBRNA2T00098662001
BnaA07g15910D,GSBRNA2T00098684001
BnaA07g15920D,GSBRNA2T00098685001
BnaA07g15980D,GSBRNA2T00098691001
BnaA07g16540D,GSBRNA2T00098762001
BnaA07g16940D,GSBRNA2T00098822001
BnaA07g17040D,GSBRNA2T00098834001
BnaA07g17660D,GSBRNA2T00098913001
BnaA07g17800D,GSBRNA2T00098927001
BnaA07g17940D,GSBRNA2T00098942001
BnaA07g18130D,GSBRNA2T00098963001
BnaA07g18600D,GSBRNA2T00099017001
BnaA07g19550D,GSBRNA2T00099123001
BnaA07g19600D,GSBRNA2T00099128001
BnaA07g19660D,GSBRNA2T00099134001
BnaA07g19710D,GSBRNA2T00099139001
BnaA07g20300D,GSBRNA2T00099206001
BnaA07g20840D,GSBRNA2T00099269001
BnaA07g21550D,GSBRNA2T00099358001
BnaA07g21990D,GSBRNA2T00099413001
BnaA07g22160D,GSBRNA2T00099435001
BnaA07g22570D,GSBRNA2T00099482001
BnaA07g23450D,GSBRNA2T00099596001
BnaC07g42360D,GSBRNA2T00099669001
BnaC07g42440D,GSBRNA2T00099679001
BnaC07g42760D,GSBRNA2T00099723001
BnaC07g43510D,GSBRNA2T00099819001
BnaC07g43540D,GSBRNA2T00099822001
BnaC07g44080D,GSBRNA2T00099879001
BnaC07g44420D,GSBRNA2T00099918001
BnaC07g44840D,GSBRNA2T00099975001
BnaC07g44880D,GSBRNA2T00099981001
BnaC07g45330D,GSBRNA2T00100043001
BnaC07g45590D,GSBRNA2T00100074001
BnaC07g46040D,GSBRNA2T00100120001
BnaC07g46060D,GSBRNA2T00100125001
BnaC07g46390D,GSBRNA2T00100164001
BnaC07g46480D,GSBRNA2T00100180001
BnaC07g47150D,GSBRNA2T00100278001
BnaC07g47260D,GSBRNA2T00100296001
BnaC05g06430D,GSBRNA2T00100545001
BnaC05g06200D,GSBRNA2T00100571001
BnaC05g05550D,GSBRNA2T00100654001
BnaC04g28570D,GSBRNA2T00100956001
BnaC03g24600D,GSBRNA2T00101440001
BnaC03g24630D,GSBRNA2T00101443001
BnaC03g26320D,GSBRNA2T00101659001
BnaC05g35700D,GSBRNA2T00101765001
BnaC05g35870D,GSBRNA2T00101784001
BnaA07g26670D,GSBRNA2T00102104001
BnaC02g14180D,GSBRNA2T00102341001
BnaC02g14020D,GSBRNA2T00102376001
BnaA07g29090D,GSBRNA2T00102440001
BnaA07g29200D,GSBRNA2T00102452001
BnaA07g29390D,GSBRNA2T00102478001
BnaA07g29460D,GSBRNA2T00102485001
BnaA07g29580D,GSBRNA2T00102498001
BnaA07g29960D,GSBRNA2T00102540001
BnaA07g30570D,GSBRNA2T00102616001
BnaA07g30800D,GSBRNA2T00102642001
BnaA07g31590D,GSBRNA2T00102738001
BnaA08g21360D,GSBRNA2T00102791001
BnaA08g21860D,GSBRNA2T00102847001
BnaA08g21870D,GSBRNA2T00102848001
BnaA08g22970D,GSBRNA2T00102976001
BnaA08g23120D,GSBRNA2T00102996001
BnaA08g23390D,GSBRNA2T00103029001
BnaC06g32200D,GSBRNA2T00103151001
BnaC06g32360D,GSBRNA2T00103172001
BnaC06g32660D,GSBRNA2T00103208001
BnaC06g33270D,GSBRNA2T00103289001
BnaC06g33350D,GSBRNA2T00103300001
BnaC06g33840D,GSBRNA2T00103361001
BnaC06g34300D,GSBRNA2T00103413001
BnaC06g34480D,GSBRNA2T00103439001
BnaC06g35410D,GSBRNA2T00103556001
BnaC06g35910D,GSBRNA2T00103619001
BnaC06g36220D,GSBRNA2T00103662001
BnaC06g36770D,GSBRNA2T00103730001
BnaC06g36860D,GSBRNA2T00103740001
BnaC02g30550D,GSBRNA2T00103815001
BnaC09g45880D,GSBRNA2T00104002001
BnaC09g44810D,GSBRNA2T00104133001
BnaC09g44690D,GSBRNA2T00104147001
BnaC09g43980D,GSBRNA2T00104230001
BnaA02g21300D,GSBRNA2T00104420001
BnaA02g21420D,GSBRNA2T00104440001
BnaA02g21430D,GSBRNA2T00104441001
BnaA02g21480D,GSBRNA2T00104450001
BnaC08g13020D,GSBRNA2T00104590001
BnaC08g13210D,GSBRNA2T00104626001
BnaC08g13270D,GSBRNA2T00104634001
BnaA05g25780D,GSBRNA2T00104708001
BnaA05g25060D,GSBRNA2T00104788001
BnaA05g25050D,GSBRNA2T00104789001
BnaA05g24890D,GSBRNA2T00104807001
BnaA05g24320D,GSBRNA2T00104879001
BnaA05g24170D,GSBRNA2T00104897001
BnaA05g23870D,GSBRNA2T00104939001
BnaA05g23690D,GSBRNA2T00104962001
BnaA05g23670D,GSBRNA2T00104965001
BnaA05g23450D,GSBRNA2T00104990001
BnaC04g41500D,GSBRNA2T00105072001
BnaC04g41130D,GSBRNA2T00105135001
BnaC04g40760D,GSBRNA2T00105195001
BnaC04g40500D,GSBRNA2T00105227001
BnaC04g40460D,GSBRNA2T00105232001
BnaC04g40400D,GSBRNA2T00105239001
BnaA06g07350D,GSBRNA2T00105340001
BnaA06g07590D,GSBRNA2T00105369001
BnaA06g07620D,GSBRNA2T00105374001
BnaA06g07630D,GSBRNA2T00105375001
BnaA06g07790D,GSBRNA2T00105394001
BnaA06g07920D,GSBRNA2T00105410001
BnaA06g08330D,GSBRNA2T00105462001
BnaA06g08510D,GSBRNA2T00105484001
BnaA06g08740D,GSBRNA2T00105508001
BnaC07g09260D,GSBRNA2T00105598001
BnaC07g08680D,GSBRNA2T00105728001
BnaC06g16370D,GSBRNA2T00105805001
BnaC06g16500D,GSBRNA2T00105823001
BnaC06g16700D,GSBRNA2T00105851001
BnaC06g17070D,GSBRNA2T00105897001
BnaC06g17620D,GSBRNA2T00105985001
BnaC05g38940D,GSBRNA2T00106108001
BnaC05g38900D,GSBRNA2T00106114001
BnaC05g38890D,GSBRNA2T00106115001
BnaC05g38330D,GSBRNA2T00106192001
BnaC05g38210D,GSBRNA2T00106211001
BnaC05g27900D,GSBRNA2T00106417001
BnaA03g43960D,GSBRNA2T00106651001
BnaA03g43990D,GSBRNA2T00106655001
BnaA03g44000D,GSBRNA2T00106656001
BnaA03g44600D,GSBRNA2T00106731001
BnaA03g44610D,GSBRNA2T00106733001
BnaA03g44930D,GSBRNA2T00106775001
BnaA03g45080D,GSBRNA2T00106793001
BnaC09g50000D,GSBRNA2T00106935001
BnaC09g49950D,GSBRNA2T00106940001
BnaC09g49370D,GSBRNA2T00107002001
BnaC09g49090D,GSBRNA2T00107036001
BnaC09g48980D,GSBRNA2T00107050001
BnaC09g48860D,GSBRNA2T00107063001
BnaC09g48310D,GSBRNA2T00107127001
BnaC09g47980D,GSBRNA2T00107166001
BnaA06g18310D,GSBRNA2T00107299001
BnaA06g18840D,GSBRNA2T00107373001
BnaC05g34030D,GSBRNA2T00107560001
BnaC05g34580D,GSBRNA2T00107640001
BnaC01g11550D,GSBRNA2T00107720001
BnaC01g10770D,GSBRNA2T00107824001
BnaC09g24710D,GSBRNA2T00107932001
BnaC09g24440D,GSBRNA2T00107989001
BnaC09g24420D,GSBRNA2T00107993001
BnaC04g33910D,GSBRNA2T00108143001
BnaC02g36030D,GSBRNA2T00108334001
BnaC02g35980D,GSBRNA2T00108341001
BnaC02g35940D,GSBRNA2T00108349001
BnaC05g23000D,GSBRNA2T00108622001
BnaC09g28130D,GSBRNA2T00108686001
BnaC09g27880D,GSBRNA2T00108744001
BnaC08g26120D,GSBRNA2T00108863001
BnaC08g24860D,GSBRNA2T00109039001
BnaC08g24170D,GSBRNA2T00109139001
BnaC08g23150D,GSBRNA2T00109281001
BnaC08g22640D,GSBRNA2T00109344001
BnaC08g22200D,GSBRNA2T00109402001
BnaC09g02170D,GSBRNA2T00109580001
BnaC09g01880D,GSBRNA2T00109615001
BnaC09g01820D,GSBRNA2T00109624001
BnaC09g01650D,GSBRNA2T00109646001
BnaC09g01420D,GSBRNA2T00109676001
BnaA06g22040D,GSBRNA2T00109883001
BnaA06g22280D,GSBRNA2T00109912001
BnaA10g07740D,GSBRNA2T00110217001
BnaA10g07650D,GSBRNA2T00110231001
BnaC04g23500D,GSBRNA2T00110333001
BnaC03g36510D,GSBRNA2T00110496001
BnaC03g37090D,GSBRNA2T00110577001
BnaC03g37120D,GSBRNA2T00110583001
BnaC03g37500D,GSBRNA2T00110647001
BnaC05g42730D,GSBRNA2T00110930001
BnaC05g41990D,GSBRNA2T00111020001
BnaC05g41590D,GSBRNA2T00111075001
BnaC05g40970D,GSBRNA2T00111154001
BnaA04g06060D,GSBRNA2T00111327001
BnaC05g24910D,GSBRNA2T00111386001
BnaC05g24860D,GSBRNA2T00111397001
BnaA03g32210D,GSBRNA2T00111525001
BnaA03g31890D,GSBRNA2T00111565001
BnaA03g31870D,GSBRNA2T00111567001
BnaA03g31600D,GSBRNA2T00111604001
BnaA03g31290D,GSBRNA2T00111644001
BnaA03g30920D,GSBRNA2T00111683001
BnaA03g30860D,GSBRNA2T00111692001
BnaA03g29710D,GSBRNA2T00111826001
BnaA03g28480D,GSBRNA2T00111966001
BnaA03g28030D,GSBRNA2T00112026001
BnaA03g27930D,GSBRNA2T00112037001
BnaA03g27830D,GSBRNA2T00112049001
BnaA03g27070D,GSBRNA2T00112143001
BnaA07g11360D,GSBRNA2T00112340001
BnaA07g11370D,GSBRNA2T00112341001
BnaA07g11920D,GSBRNA2T00112415001
BnaA07g12010D,GSBRNA2T00112428001
BnaA07g12170D,GSBRNA2T00112445001
BnaA07g12260D,GSBRNA2T00112459001
BnaC07g35080D,GSBRNA2T00112541001
BnaC07g35240D,GSBRNA2T00112563001
BnaC07g35250D,GSBRNA2T00112565001
BnaC07g35800D,GSBRNA2T00112637001
BnaC07g35830D,GSBRNA2T00112642001
BnaC04g30880D,GSBRNA2T00112735001
BnaC04g30870D,GSBRNA2T00112737001
BnaC04g30810D,GSBRNA2T00112745001
BnaC06g29160D,GSBRNA2T00113061001
BnaC04g14820D,GSBRNA2T00113350001
BnaC04g14330D,GSBRNA2T00113432001
BnaA03g39540D,GSBRNA2T00113628001
BnaA03g39250D,GSBRNA2T00113662001
BnaA03g39030D,GSBRNA2T00113691001
BnaA09g26030D,GSBRNA2T00113751001
BnaA09g25840D,GSBRNA2T00113789001
BnaA09g25810D,GSBRNA2T00113792001
BnaA09g25760D,GSBRNA2T00113797001
BnaA09g25570D,GSBRNA2T00113830001
BnaA02g22960D,GSBRNA2T00113930001
BnaA02g23180D,GSBRNA2T00113997001
BnaA08g00900D,GSBRNA2T00114120001
BnaA08g01390D,GSBRNA2T00114206001
BnaA08g01660D,GSBRNA2T00114242001
BnaA04g09690D,GSBRNA2T00114271001
BnaA04g09230D,GSBRNA2T00114345001
BnaA04g09140D,GSBRNA2T00114357001
BnaA04g08870D,GSBRNA2T00114396001
BnaA04g08750D,GSBRNA2T00114422001
BnaA04g08650D,GSBRNA2T00114437001
BnaA04g08640D,GSBRNA2T00114439001
BnaA04g08570D,GSBRNA2T00114447001
BnaA04g08090D,GSBRNA2T00114530001
BnaC02g08370D,GSBRNA2T00114720001
BnaC02g07500D,GSBRNA2T00114827001
BnaC02g11200D,GSBRNA2T00114939001
BnaC02g10630D,GSBRNA2T00115016001
BnaC07g21970D,GSBRNA2T00115351001
BnaC07g21440D,GSBRNA2T00115427001
BnaC09g19870D,GSBRNA2T00115620001
BnaC09g10780D,GSBRNA2T00115820001
BnaC09g10140D,GSBRNA2T00115928001
BnaC01g17040D,GSBRNA2T00116012001
BnaC01g16350D,GSBRNA2T00116101001
BnaC03g68620D,GSBRNA2T00116352001
BnaC03g68740D,GSBRNA2T00116375001
BnaC03g68770D,GSBRNA2T00116379001
BnaA02g15140D,GSBRNA2T00116537001
BnaA05g04960D,GSBRNA2T00116718001
BnaA05g05760D,GSBRNA2T00116809001
BnaA05g06800D,GSBRNA2T00116937001
BnaA05g06830D,GSBRNA2T00116942001
BnaA05g07660D,GSBRNA2T00117048001
BnaC01g28900D,GSBRNA2T00117151001
BnaC07g11210D,GSBRNA2T00117382001
BnaC02g37290D,GSBRNA2T00117567001
BnaC02g37450D,GSBRNA2T00117597001
BnaC02g37540D,GSBRNA2T00117628001
BnaA09g19720D,GSBRNA2T00117895001
BnaC06g26190D,GSBRNA2T00117902001
BnaC06g26170D,GSBRNA2T00117904001
BnaC06g26140D,GSBRNA2T00117909001
BnaC02g28510D,GSBRNA2T00118398001
BnaC02g28390D,GSBRNA2T00118418001
BnaA07g12890D,GSBRNA2T00118620001
BnaA07g13260D,GSBRNA2T00118666001
BnaC09g25680D,GSBRNA2T00118837001
BnaC09g25360D,GSBRNA2T00118937001
BnaC09g25210D,GSBRNA2T00118970001
BnaC05g16600D,GSBRNA2T00119194001
BnaC05g18410D,GSBRNA2T00119417001
BnaC05g18240D,GSBRNA2T00119448001
BnaC05g18090D,GSBRNA2T00119467001
BnaAnng00200D,GSBRNA2T00119550001
BnaAnng00840D,GSBRNA2T00119623001
BnaAnng01230D,GSBRNA2T00119664001
BnaAnng01260D,GSBRNA2T00119669001
BnaAnng01430D,GSBRNA2T00119690001
BnaAnng01590D,GSBRNA2T00119707001
BnaC03g28700D,GSBRNA2T00119833001
BnaC03g28790D,GSBRNA2T00119844001
BnaC03g28810D,GSBRNA2T00119846001
BnaC03g29010D,GSBRNA2T00119870001
BnaC05g46590D,GSBRNA2T00119941001
BnaC05g45770D,GSBRNA2T00120038001
BnaC05g45470D,GSBRNA2T00120077001
BnaC05g45180D,GSBRNA2T00120112001
BnaC05g45070D,GSBRNA2T00120126001
BnaC05g44810D,GSBRNA2T00120154001
BnaC02g41200D,GSBRNA2T00120313001
BnaA02g32380D,GSBRNA2T00120363001
BnaA02g31890D,GSBRNA2T00120430001
BnaC02g38610D,GSBRNA2T00120674001
BnaC07g00720D,GSBRNA2T00120781001
BnaA10g05930D,GSBRNA2T00120952001
BnaA10g05900D,GSBRNA2T00120959001
BnaA10g05840D,GSBRNA2T00120968001
BnaA01g04450D,GSBRNA2T00121120001
BnaA01g03830D,GSBRNA2T00121195001
BnaA01g03680D,GSBRNA2T00121212001
BnaA01g03200D,GSBRNA2T00121264001
BnaA01g02930D,GSBRNA2T00121296001
BnaA01g02880D,GSBRNA2T00121301001
BnaA01g01740D,GSBRNA2T00121426001
BnaA01g01730D,GSBRNA2T00121427001
BnaA01g01710D,GSBRNA2T00121429001
BnaA01g01600D,GSBRNA2T00121443001
BnaA01g01260D,GSBRNA2T00121483001
BnaA01g01080D,GSBRNA2T00121503001
BnaA01g00910D,GSBRNA2T00121522001
BnaA01g00570D,GSBRNA2T00121566001
BnaA01g00510D,GSBRNA2T00121574001
BnaA01g00410D,GSBRNA2T00121586001
BnaA01g00280D,GSBRNA2T00121602001
BnaC08g20820D,GSBRNA2T00121707001
BnaC08g21260D,GSBRNA2T00121774001
BnaA09g37310D,GSBRNA2T00121906001
BnaA09g50060D,GSBRNA2T00122100001
BnaA09g49740D,GSBRNA2T00122142001
BnaA09g49730D,GSBRNA2T00122143001
BnaA09g49190D,GSBRNA2T00122207001
BnaA09g48720D,GSBRNA2T00122261001
BnaC05g31490D,GSBRNA2T00122341001
BnaC05g31170D,GSBRNA2T00122401001
BnaC06g11460D,GSBRNA2T00122596001
BnaA10g04640D,GSBRNA2T00122859001
BnaA04g24160D,GSBRNA2T00123186001
BnaA04g23830D,GSBRNA2T00123232001
BnaA04g23740D,GSBRNA2T00123244001
BnaA04g22810D,GSBRNA2T00123351001
BnaCnng01980D,GSBRNA2T00123542001
BnaCnng02210D,GSBRNA2T00123565001
BnaCnng02240D,GSBRNA2T00123568001
BnaCnng02380D,GSBRNA2T00123585001
BnaC03g37900D,GSBRNA2T00123615001
BnaC03g37910D,GSBRNA2T00123616001
BnaC03g38300D,GSBRNA2T00123674001
BnaC03g38540D,GSBRNA2T00123713001
BnaC03g38670D,GSBRNA2T00123731001
BnaC03g39200D,GSBRNA2T00123803001
BnaC03g39310D,GSBRNA2T00123819001
BnaC03g40440D,GSBRNA2T00123993001
BnaC03g40560D,GSBRNA2T00124010001
BnaC04g19270D,GSBRNA2T00124039001
BnaA07g24860D,GSBRNA2T00124394001
BnaA07g24880D,GSBRNA2T00124397001
BnaA07g24960D,GSBRNA2T00124407001
BnaA07g25510D,GSBRNA2T00124471001
BnaA07g25540D,GSBRNA2T00124475001
BnaC06g15480D,GSBRNA2T00124553001
BnaA03g18760D,GSBRNA2T00124740001
BnaA03g18260D,GSBRNA2T00124799001
BnaA03g17650D,GSBRNA2T00124873001
BnaA03g17400D,GSBRNA2T00124902001
BnaA03g17370D,GSBRNA2T00124906001
BnaC03g47960D,GSBRNA2T00124972001
BnaC03g36180D,GSBRNA2T00125103001
BnaC03g34950D,GSBRNA2T00125276001
BnaC03g34680D,GSBRNA2T00125311001
BnaA06g16550D,GSBRNA2T00125332001
BnaA06g16160D,GSBRNA2T00125387001
BnaA06g15710D,GSBRNA2T00125449001
BnaA06g15700D,GSBRNA2T00125450001
BnaA06g15690D,GSBRNA2T00125451001
BnaA05g13820D,GSBRNA2T00125560001
BnaC01g24560D,GSBRNA2T00125738001
BnaC01g25600D,GSBRNA2T00125975001
BnaC01g25860D,GSBRNA2T00126038001
BnaA04g02700D,GSBRNA2T00126226001
BnaA04g02710D,GSBRNA2T00126227001
BnaA04g03030D,GSBRNA2T00126269001
BnaA04g03460D,GSBRNA2T00126340001
BnaA04g04050D,GSBRNA2T00126430001
BnaA04g05090D,GSBRNA2T00126581001
BnaA04g05100D,GSBRNA2T00126582001
BnaA04g05110D,GSBRNA2T00126583001
BnaA08g11320D,GSBRNA2T00126626001
BnaA08g11250D,GSBRNA2T00126637001
BnaA08g10870D,GSBRNA2T00126684001
BnaA08g10430D,GSBRNA2T00126741001
BnaA08g10180D,GSBRNA2T00126772001
BnaA08g10040D,GSBRNA2T00126790001
BnaA08g09990D,GSBRNA2T00126800001
BnaA08g09510D,GSBRNA2T00126857001
BnaA08g09110D,GSBRNA2T00126907001
BnaC08g32840D,GSBRNA2T00127182001
BnaC08g33590D,GSBRNA2T00127268001
BnaC08g34800D,GSBRNA2T00127413001
BnaC08g34840D,GSBRNA2T00127417001
BnaC08g35130D,GSBRNA2T00127459001
BnaC08g35230D,GSBRNA2T00127472001
BnaC08g35540D,GSBRNA2T00127513001
BnaC04g38650D,GSBRNA2T00127647001
BnaC04g38850D,GSBRNA2T00127677001
BnaC04g39580D,GSBRNA2T00127784001
BnaA07g06010D,GSBRNA2T00128326001
BnaA07g06040D,GSBRNA2T00128330001
BnaA07g06050D,GSBRNA2T00128331001
BnaA07g06360D,GSBRNA2T00128373001
BnaA07g06420D,GSBRNA2T00128379001
BnaA07g06490D,GSBRNA2T00128395001
BnaA07g06850D,GSBRNA2T00128444001
BnaA07g07120D,GSBRNA2T00128485001
BnaC07g19810D,GSBRNA2T00128737001
BnaC07g20660D,GSBRNA2T00128859001
BnaC03g53580D,GSBRNA2T00129044001
BnaC03g53360D,GSBRNA2T00129083001
BnaC03g53290D,GSBRNA2T00129104001
BnaC03g53210D,GSBRNA2T00129118001
BnaA09g31290D,GSBRNA2T00129181001
BnaA09g31650D,GSBRNA2T00129234001
BnaA09g31780D,GSBRNA2T00129251001
BnaA09g32380D,GSBRNA2T00129327001
BnaA09g33250D,GSBRNA2T00129427001
BnaA09g33330D,GSBRNA2T00129439001
BnaA03g02040D,GSBRNA2T00129641001
BnaA03g02060D,GSBRNA2T00129643001
BnaA03g02070D,GSBRNA2T00129645001
BnaA03g02080D,GSBRNA2T00129647001
BnaA03g02660D,GSBRNA2T00129719001
BnaA03g03440D,GSBRNA2T00129818001
BnaA03g03680D,GSBRNA2T00129844001
BnaA03g04320D,GSBRNA2T00129922001
BnaA03g04330D,GSBRNA2T00129923001
BnaA03g04510D,GSBRNA2T00129943001
BnaA03g04970D,GSBRNA2T00129995001
BnaA03g05080D,GSBRNA2T00130008001
BnaA03g05200D,GSBRNA2T00130022001
BnaA03g05390D,GSBRNA2T00130041001
BnaA03g05450D,GSBRNA2T00130050001
BnaA03g05800D,GSBRNA2T00130092001
BnaA03g06330D,GSBRNA2T00130149001
BnaA03g06710D,GSBRNA2T00130197001
BnaA03g06740D,GSBRNA2T00130201001
BnaC01g08190D,GSBRNA2T00130288001
BnaC01g07470D,GSBRNA2T00130387001
BnaC01g05600D,GSBRNA2T00130624001
BnaC01g05190D,GSBRNA2T00130678001
BnaC01g05030D,GSBRNA2T00130696001
BnaC01g04460D,GSBRNA2T00130760001
BnaC01g04190D,GSBRNA2T00130790001
BnaC01g04160D,GSBRNA2T00130795001
BnaC01g02840D,GSBRNA2T00130959001
BnaC01g02810D,GSBRNA2T00130963001
BnaC01g02100D,GSBRNA2T00131050001
BnaC01g01920D,GSBRNA2T00131076001
BnaC01g01800D,GSBRNA2T00131092001
BnaC01g01530D,GSBRNA2T00131128001
BnaC01g01500D,GSBRNA2T00131132001
BnaC01g01490D,GSBRNA2T00131134001
BnaC01g01280D,GSBRNA2T00131161001
BnaC01g01190D,GSBRNA2T00131177001
BnaA01g08600D,GSBRNA2T00131256001
BnaA01g09090D,GSBRNA2T00131317001
BnaA01g09900D,GSBRNA2T00131415001
BnaA01g10480D,GSBRNA2T00131495001
BnaA01g10540D,GSBRNA2T00131507001
BnaA01g10750D,GSBRNA2T00131534001
BnaA01g10780D,GSBRNA2T00131539001
BnaA01g11010D,GSBRNA2T00131565001
BnaA01g11660D,GSBRNA2T00131642001
BnaA01g11800D,GSBRNA2T00131658001
BnaA01g11840D,GSBRNA2T00131663001
BnaA01g11870D,GSBRNA2T00131667001
BnaA01g12080D,GSBRNA2T00131693001
BnaC06g20690D,GSBRNA2T00131836001
BnaC06g19790D,GSBRNA2T00132002001
BnaC06g19340D,GSBRNA2T00132070001
BnaC06g18970D,GSBRNA2T00132122001
BnaC06g18910D,GSBRNA2T00132131001
BnaC06g18870D,GSBRNA2T00132137001
BnaC06g18790D,GSBRNA2T00132153001
BnaC03g19130D,GSBRNA2T00132340001
BnaC03g19540D,GSBRNA2T00132396001
BnaC03g20530D,GSBRNA2T00132529001
BnaC03g20900D,GSBRNA2T00132579001
BnaA05g03320D,GSBRNA2T00132664001
BnaA05g03130D,GSBRNA2T00132688001
BnaA05g03090D,GSBRNA2T00132695001
BnaA05g02270D,GSBRNA2T00132785001
BnaA05g01610D,GSBRNA2T00132863001
BnaA05g01200D,GSBRNA2T00132918001
BnaA05g01140D,GSBRNA2T00132925001
BnaA05g01130D,GSBRNA2T00132926001
BnaA05g00030D,GSBRNA2T00133067001
BnaC09g34700D,GSBRNA2T00133255001
BnaC09g34170D,GSBRNA2T00133349001
BnaC07g30840D,GSBRNA2T00133422001
BnaC07g30370D,GSBRNA2T00133473001
BnaC07g30260D,GSBRNA2T00133486001
BnaC07g29590D,GSBRNA2T00133579001
BnaC07g29140D,GSBRNA2T00133636001
BnaC07g29000D,GSBRNA2T00133653001
BnaC08g05420D,GSBRNA2T00133973001
BnaC03g00160D,GSBRNA2T00134135001
BnaC03g00480D,GSBRNA2T00134173001
BnaC03g00490D,GSBRNA2T00134174001
BnaC03g01130D,GSBRNA2T00134256001
BnaC03g01350D,GSBRNA2T00134279001
BnaC03g01470D,GSBRNA2T00134294001
BnaC03g01680D,GSBRNA2T00134322001
BnaC03g02030D,GSBRNA2T00134364001
BnaC03g02110D,GSBRNA2T00134373001
BnaC03g02320D,GSBRNA2T00134407001
BnaC03g03050D,GSBRNA2T00134488001
BnaC03g03070D,GSBRNA2T00134491001
BnaC03g03080D,GSBRNA2T00134492001
BnaC03g03090D,GSBRNA2T00134493001
BnaC03g03100D,GSBRNA2T00134494001
BnaC03g03110D,GSBRNA2T00134495001
BnaC03g04080D,GSBRNA2T00134606001
BnaC09g05990D,GSBRNA2T00134649001
BnaC09g06150D,GSBRNA2T00134667001
BnaC09g06270D,GSBRNA2T00134682001
BnaC09g06780D,GSBRNA2T00134772001
BnaC09g07160D,GSBRNA2T00134832001
BnaC09g07300D,GSBRNA2T00134850001
BnaC09g07390D,GSBRNA2T00134865001
BnaC09g07550D,GSBRNA2T00134893001
BnaC09g07640D,GSBRNA2T00134907001
BnaC09g07800D,GSBRNA2T00134930001
BnaC09g07990D,GSBRNA2T00134966001
BnaC09g08100D,GSBRNA2T00134981001
BnaC09g08140D,GSBRNA2T00134985001
BnaC09g08190D,GSBRNA2T00134990001
BnaC09g08480D,GSBRNA2T00135020001
BnaC09g08630D,GSBRNA2T00135037001
BnaC09g08690D,GSBRNA2T00135043001
BnaA10g17570D,GSBRNA2T00135376001
BnaA10g18080D,GSBRNA2T00135439001
BnaA10g18090D,GSBRNA2T00135440001
BnaA10g18700D,GSBRNA2T00135520001
BnaA10g18770D,GSBRNA2T00135529001
BnaA10g19050D,GSBRNA2T00135564001
BnaA10g19070D,GSBRNA2T00135566001
BnaA10g19360D,GSBRNA2T00135600001
BnaA10g19460D,GSBRNA2T00135611001
BnaA10g19500D,GSBRNA2T00135615001
BnaA10g20180D,GSBRNA2T00135696001
BnaA10g20810D,GSBRNA2T00135767001
BnaA10g22220D,GSBRNA2T00135939001
BnaA10g22460D,GSBRNA2T00135966001
BnaA10g22590D,GSBRNA2T00135983001
BnaA10g22800D,GSBRNA2T00136007001
BnaA10g22920D,GSBRNA2T00136021001
BnaA10g23330D,GSBRNA2T00136074001
BnaA10g23590D,GSBRNA2T00136104001
BnaA10g23880D,GSBRNA2T00136137001
BnaA10g23900D,GSBRNA2T00136139001
BnaA10g23910D,GSBRNA2T00136140001
BnaA10g24380D,GSBRNA2T00136195001
BnaA10g24500D,GSBRNA2T00136210001
BnaA10g24610D,GSBRNA2T00136221001
BnaA10g24620D,GSBRNA2T00136223001
BnaA10g25070D,GSBRNA2T00136273001
BnaA10g25580D,GSBRNA2T00136332001
BnaA10g25620D,GSBRNA2T00136337001
BnaA10g26060D,GSBRNA2T00136396001
BnaA10g26680D,GSBRNA2T00136472001
BnaC08g39510D,GSBRNA2T00136563001
BnaC08g39030D,GSBRNA2T00136623001
BnaC08g38730D,GSBRNA2T00136659001
BnaC08g38060D,GSBRNA2T00136737001
BnaC08g38050D,GSBRNA2T00136738001
BnaC08g38040D,GSBRNA2T00136739001
BnaC08g37440D,GSBRNA2T00136803001
BnaC08g35890D,GSBRNA2T00136992001
BnaC02g22330D,GSBRNA2T00137069001
BnaC02g22320D,GSBRNA2T00137071001
BnaC02g21680D,GSBRNA2T00137168001
BnaC02g21440D,GSBRNA2T00137200001
BnaC02g21230D,GSBRNA2T00137231001
BnaA03g35830D,GSBRNA2T00137340001
BnaA03g35260D,GSBRNA2T00137402001
BnaA03g35040D,GSBRNA2T00137432001
BnaA03g35030D,GSBRNA2T00137433001
BnaA03g34840D,GSBRNA2T00137455001
BnaA03g34340D,GSBRNA2T00137509001
BnaA03g33520D,GSBRNA2T00137608001
BnaA03g33510D,GSBRNA2T00137609001
BnaA03g33480D,GSBRNA2T00137613001
BnaA03g33380D,GSBRNA2T00137625001
BnaA03g33370D,GSBRNA2T00137626001
BnaA03g32810D,GSBRNA2T00137699001
BnaA03g32800D,GSBRNA2T00137700001
BnaC07g02660D,GSBRNA2T00137779001
BnaC07g01630D,GSBRNA2T00137969001
BnaC07g01430D,GSBRNA2T00137995001
BnaC01g12070D,GSBRNA2T00138075001
BnaC01g12240D,GSBRNA2T00138095001
BnaC01g12320D,GSBRNA2T00138105001
BnaC01g12330D,GSBRNA2T00138108001
BnaC01g12350D,GSBRNA2T00138113001
BnaC01g12360D,GSBRNA2T00138114001
BnaC01g12540D,GSBRNA2T00138138001
BnaC01g13210D,GSBRNA2T00138232001
BnaC01g13420D,GSBRNA2T00138265001
BnaC01g13470D,GSBRNA2T00138274001
BnaC01g13540D,GSBRNA2T00138282001
BnaC01g13770D,GSBRNA2T00138314001
BnaC01g14090D,GSBRNA2T00138365001
BnaC01g14170D,GSBRNA2T00138383001
BnaC01g14180D,GSBRNA2T00138384001
BnaA01g20280D,GSBRNA2T00138495001
BnaA01g20320D,GSBRNA2T00138503001
BnaA01g20660D,GSBRNA2T00138557001
BnaA01g20880D,GSBRNA2T00138590001
BnaA03g23330D,GSBRNA2T00138703001
BnaA03g22900D,GSBRNA2T00138763001
BnaA03g22780D,GSBRNA2T00138775001
BnaA03g22550D,GSBRNA2T00138801001
BnaA03g22350D,GSBRNA2T00138822001
BnaA03g20930D,GSBRNA2T00138986001
BnaA03g20590D,GSBRNA2T00139025001
BnaA03g20560D,GSBRNA2T00139028001
BnaA03g20420D,GSBRNA2T00139042001
BnaA03g19980D,GSBRNA2T00139102001
BnaC07g23400D,GSBRNA2T00139259001
BnaC07g23490D,GSBRNA2T00139271001
BnaC07g24070D,GSBRNA2T00139364001
BnaC07g24280D,GSBRNA2T00139393001
BnaC07g24390D,GSBRNA2T00139405001
BnaC07g24400D,GSBRNA2T00139406001
BnaC07g24420D,GSBRNA2T00139408001
BnaC07g24430D,GSBRNA2T00139409001
BnaC08g19150D,GSBRNA2T00139452001
BnaC08g17520D,GSBRNA2T00139667001
BnaC08g17160D,GSBRNA2T00139707001
BnaC08g16510D,GSBRNA2T00139798001
BnaC08g16430D,GSBRNA2T00139808001
BnaC08g16080D,GSBRNA2T00139858001
BnaC08g07480D,GSBRNA2T00139966001
BnaC08g07610D,GSBRNA2T00140024001
BnaC03g04930D,GSBRNA2T00140215001
BnaC03g05050D,GSBRNA2T00140230001
BnaC03g05180D,GSBRNA2T00140245001
BnaC03g05780D,GSBRNA2T00140322001
BnaC03g05860D,GSBRNA2T00140331001
BnaC03g05870D,GSBRNA2T00140332001
BnaC03g06000D,GSBRNA2T00140346001
BnaC03g06050D,GSBRNA2T00140352001
BnaC03g06620D,GSBRNA2T00140419001
BnaC03g06750D,GSBRNA2T00140435001
BnaC03g06920D,GSBRNA2T00140452001
BnaC03g06980D,GSBRNA2T00140458001
BnaC03g08060D,GSBRNA2T00140590001
BnaC03g08130D,GSBRNA2T00140597001
BnaC03g08580D,GSBRNA2T00140654001
BnaC03g11890D,GSBRNA2T00141063001
BnaC04g10420D,GSBRNA2T00141366001
BnaC04g10500D,GSBRNA2T00141383001
BnaC04g10690D,GSBRNA2T00141411001
BnaC04g10740D,GSBRNA2T00141419001
BnaC03g50730D,GSBRNA2T00141633001
BnaC03g50430D,GSBRNA2T00141668001
BnaC03g49940D,GSBRNA2T00141732001
BnaA03g16270D,GSBRNA2T00141865001
BnaA03g16020D,GSBRNA2T00141899001
BnaA03g15880D,GSBRNA2T00141913001
BnaA03g15520D,GSBRNA2T00141958001
BnaA03g14580D,GSBRNA2T00142065001
BnaA03g14250D,GSBRNA2T00142105001
BnaA03g14010D,GSBRNA2T00142141001
BnaA03g13600D,GSBRNA2T00142191001
BnaA03g13590D,GSBRNA2T00142192001
BnaC05g20360D,GSBRNA2T00142452001
BnaC05g20270D,GSBRNA2T00142465001
BnaC05g19990D,GSBRNA2T00142501001
BnaC07g08090D,GSBRNA2T00142571001
BnaC07g08010D,GSBRNA2T00142587001
BnaC07g08000D,GSBRNA2T00142594001
BnaC07g07970D,GSBRNA2T00142601001
BnaC07g07940D,GSBRNA2T00142604001
BnaC07g07580D,GSBRNA2T00142715001
BnaC07g07550D,GSBRNA2T00142722001
BnaC07g07510D,GSBRNA2T00142728001
BnaC07g25120D,GSBRNA2T00142818001
BnaC07g25290D,GSBRNA2T00142847001
BnaC07g25950D,GSBRNA2T00142935001
BnaC07g26120D,GSBRNA2T00142964001
BnaC07g26480D,GSBRNA2T00143007001
BnaA02g03720D,GSBRNA2T00143133001
BnaA02g03340D,GSBRNA2T00143178001
BnaA02g02930D,GSBRNA2T00143231001
BnaA02g02640D,GSBRNA2T00143265001
BnaA02g02110D,GSBRNA2T00143326001
BnaA02g01630D,GSBRNA2T00143382001
BnaA02g01620D,GSBRNA2T00143383001
BnaA02g01040D,GSBRNA2T00143454001
BnaA02g00100D,GSBRNA2T00143566001
BnaC06g22910D,GSBRNA2T00143627001
BnaC06g22080D,GSBRNA2T00143759001
BnaC03g55280D,GSBRNA2T00143938001
BnaC03g55730D,GSBRNA2T00144021001
BnaC03g55740D,GSBRNA2T00144022001
BnaA06g30210D,GSBRNA2T00144422001
BnaA06g30520D,GSBRNA2T00144457001
BnaA06g30720D,GSBRNA2T00144480001
BnaA06g31460D,GSBRNA2T00144572001
BnaC07g05090D,GSBRNA2T00144813001
BnaC07g05250D,GSBRNA2T00144839001
BnaC08g02150D,GSBRNA2T00145085001
BnaC08g01770D,GSBRNA2T00145135001
BnaA09g21570D,GSBRNA2T00145490001
BnaA09g22480D,GSBRNA2T00145618001
BnaC09g04540D,GSBRNA2T00146049001
BnaC09g04610D,GSBRNA2T00146060001
BnaC09g04910D,GSBRNA2T00146102001
BnaC09g04920D,GSBRNA2T00146103001
BnaC09g05910D,GSBRNA2T00146233001
BnaA07g35930D,GSBRNA2T00146238001
BnaA07g35610D,GSBRNA2T00146277001
BnaA07g35490D,GSBRNA2T00146292001
BnaA07g34950D,GSBRNA2T00146348001
BnaA07g34930D,GSBRNA2T00146351001
BnaA07g34580D,GSBRNA2T00146392001
BnaA07g33690D,GSBRNA2T00146496001
BnaA07g33680D,GSBRNA2T00146497001
BnaA07g33560D,GSBRNA2T00146509001
BnaA07g33490D,GSBRNA2T00146516001
BnaA07g33310D,GSBRNA2T00146534001
BnaA07g33290D,GSBRNA2T00146536001
BnaA07g33040D,GSBRNA2T00146570001
BnaA07g32810D,GSBRNA2T00146597001
BnaA07g32400D,GSBRNA2T00146639001
BnaC02g31560D,GSBRNA2T00146915001
BnaC03g54410D,GSBRNA2T00147251001
BnaA06g26030D,GSBRNA2T00147417001
BnaA06g26040D,GSBRNA2T00147418001
BnaA06g26140D,GSBRNA2T00147430001
BnaA06g26720D,GSBRNA2T00147504001
BnaA06g27460D,GSBRNA2T00147603001
BnaA06g27940D,GSBRNA2T00147667001
BnaC06g37250D,GSBRNA2T00147777001
BnaC06g37290D,GSBRNA2T00147781001
BnaC06g37580D,GSBRNA2T00147820001
BnaC06g37840D,GSBRNA2T00147857001
BnaC06g37860D,GSBRNA2T00147859001
BnaC06g38150D,GSBRNA2T00147894001
BnaC06g38300D,GSBRNA2T00147913001
BnaC06g39860D,GSBRNA2T00148100001
BnaC06g39880D,GSBRNA2T00148102001
BnaC04g16810D,GSBRNA2T00148298001
BnaC04g17240D,GSBRNA2T00148380001
BnaA03g10100D,GSBRNA2T00148678001
BnaA03g10090D,GSBRNA2T00148679001
BnaA03g10070D,GSBRNA2T00148681001
BnaA03g09800D,GSBRNA2T00148712001
BnaA03g09760D,GSBRNA2T00148717001
BnaA03g09460D,GSBRNA2T00148751001
BnaA03g09440D,GSBRNA2T00148753001
BnaA03g09430D,GSBRNA2T00148754001
BnaA03g09410D,GSBRNA2T00148756001
BnaA03g08520D,GSBRNA2T00148861001
BnaA04g02390D,GSBRNA2T00149047001
BnaA04g01910D,GSBRNA2T00149107001
BnaA04g01890D,GSBRNA2T00149109001
BnaA04g00820D,GSBRNA2T00149240001
BnaA04g00630D,GSBRNA2T00149264001
BnaA04g00150D,GSBRNA2T00149327001
BnaA01g16530D,GSBRNA2T00149436001
BnaA01g16440D,GSBRNA2T00149450001
BnaA01g15150D,GSBRNA2T00149609001
BnaA01g14880D,GSBRNA2T00149645001
BnaA01g14830D,GSBRNA2T00149650001
BnaA01g14690D,GSBRNA2T00149672001
BnaA01g14680D,GSBRNA2T00149673001
BnaA01g14600D,GSBRNA2T00149682001
BnaC04g34810D,GSBRNA2T00149722001
BnaC04g35220D,GSBRNA2T00149778001
BnaC04g35330D,GSBRNA2T00149795001
BnaC03g46190D,GSBRNA2T00150111001
BnaC03g46440D,GSBRNA2T00150151001
BnaA10g02720D,GSBRNA2T00150262001
BnaA10g02560D,GSBRNA2T00150281001
BnaA10g02050D,GSBRNA2T00150352001
BnaA10g01900D,GSBRNA2T00150371001
BnaA10g01100D,GSBRNA2T00150466001
BnaA10g00730D,GSBRNA2T00150508001
BnaA10g00660D,GSBRNA2T00150515001
BnaA10g00440D,GSBRNA2T00150540001
BnaA10g00380D,GSBRNA2T00150546001
BnaA08g17570D,GSBRNA2T00150790001
BnaA08g16560D,GSBRNA2T00150913001
BnaA08g16480D,GSBRNA2T00150926001
BnaA08g15930D,GSBRNA2T00150991001
BnaA08g15920D,GSBRNA2T00150993001
BnaA08g15880D,GSBRNA2T00150998001
BnaA03g43590D,GSBRNA2T00151029001
BnaA03g43240D,GSBRNA2T00151069001
BnaA03g43000D,GSBRNA2T00151097001
BnaA03g42050D,GSBRNA2T00151210001
BnaA03g41900D,GSBRNA2T00151228001
BnaA03g41860D,GSBRNA2T00151232001
BnaA03g41250D,GSBRNA2T00151310001
BnaA03g23840D,GSBRNA2T00151377001
BnaA03g24110D,GSBRNA2T00151419001
BnaA03g24220D,GSBRNA2T00151434001
BnaA03g24240D,GSBRNA2T00151436001
BnaA03g24390D,GSBRNA2T00151453001
BnaA03g24410D,GSBRNA2T00151456001
BnaA03g24920D,GSBRNA2T00151521001
BnaA03g25580D,GSBRNA2T00151601001
BnaA03g25850D,GSBRNA2T00151637001
BnaC02g06080D,GSBRNA2T00151748001
BnaC02g05920D,GSBRNA2T00151767001
BnaC02g05280D,GSBRNA2T00151841001
BnaC02g05160D,GSBRNA2T00151857001
BnaC02g04300D,GSBRNA2T00151969001
BnaC02g03980D,GSBRNA2T00152011001
BnaC09g26820D,GSBRNA2T00152251001
BnaC04g07690D,GSBRNA2T00152686001
BnaC04g07220D,GSBRNA2T00152742001
BnaC04g06450D,GSBRNA2T00152871001
BnaC02g16120D,GSBRNA2T00152934001
BnaC02g16030D,GSBRNA2T00152948001
BnaC02g16000D,GSBRNA2T00152957001
BnaC02g15950D,GSBRNA2T00152962001
BnaC02g15850D,GSBRNA2T00152978001
BnaC02g15740D,GSBRNA2T00152994001
BnaC02g15510D,GSBRNA2T00153037001
BnaC08g06110D,GSBRNA2T00153171001
BnaC08g06430D,GSBRNA2T00153223001
BnaC03g32880D,GSBRNA2T00153638001
BnaC03g33050D,GSBRNA2T00153658001
BnaC03g33060D,GSBRNA2T00153659001
BnaC03g33610D,GSBRNA2T00153727001
BnaA05g22440D,GSBRNA2T00153863001
BnaA05g21940D,GSBRNA2T00153922001
BnaA05g21570D,GSBRNA2T00153968001
BnaA05g21130D,GSBRNA2T00154018001
BnaA05g21110D,GSBRNA2T00154020001
BnaA10g13920D,GSBRNA2T00154089001
BnaA10g14500D,GSBRNA2T00154173001
BnaA10g14530D,GSBRNA2T00154176001
BnaA10g15190D,GSBRNA2T00154252001
BnaA10g15320D,GSBRNA2T00154269001
BnaA10g16140D,GSBRNA2T00154369001
BnaC07g38970D,GSBRNA2T00154446001
BnaC07g39650D,GSBRNA2T00154521001
BnaC07g39770D,GSBRNA2T00154538001
BnaC07g40160D,GSBRNA2T00154580001
BnaC07g41420D,GSBRNA2T00154724001
BnaC07g41500D,GSBRNA2T00154734001
BnaA03g36620D,GSBRNA2T00154805001
BnaA03g37070D,GSBRNA2T00154869001
BnaA03g37090D,GSBRNA2T00154871001
BnaA03g37200D,GSBRNA2T00154884001
BnaA03g37390D,GSBRNA2T00154907001
BnaA03g38210D,GSBRNA2T00155010001
BnaA03g38220D,GSBRNA2T00155011001
BnaC04g47080D,GSBRNA2T00155123001
BnaC04g46630D,GSBRNA2T00155189001
BnaC04g45660D,GSBRNA2T00155307001
BnaC04g45630D,GSBRNA2T00155310001
BnaC04g45440D,GSBRNA2T00155336001
BnaC08g31440D,GSBRNA2T00155422001
BnaC08g31160D,GSBRNA2T00155456001
BnaC08g29380D,GSBRNA2T00155692001
BnaC08g29320D,GSBRNA2T00155699001
BnaC08g27800D,GSBRNA2T00155894001
BnaC08g27580D,GSBRNA2T00155924001
BnaC08g26890D,GSBRNA2T00156015001
BnaA06g04940D,GSBRNA2T00156230001
BnaA06g04380D,GSBRNA2T00156290001
BnaA06g04150D,GSBRNA2T00156316001
BnaA06g04090D,GSBRNA2T00156322001
BnaA06g04000D,GSBRNA2T00156335001
BnaA09g24180D,GSBRNA2T00156595001
BnaA09g24210D,GSBRNA2T00156599001
BnaC04g20740D,GSBRNA2T00156734001
BnaC04g20960D,GSBRNA2T00156763001
BnaC04g21080D,GSBRNA2T00156781001
BnaC07g36420D,GSBRNA2T00156890001
BnaC07g36430D,GSBRNA2T00156891001
BnaC07g37060D,GSBRNA2T00156974001
BnaC07g37460D,GSBRNA2T00157022001
BnaC07g37680D,GSBRNA2T00157051001
BnaC01g17990D,GSBRNA2T00157508001
BnaC01g17910D,GSBRNA2T00157525001
BnaC01g17540D,GSBRNA2T00157574001
BnaC01g17470D,GSBRNA2T00157582001
BnaC01g17250D,GSBRNA2T00157629001
BnaC01g17180D,GSBRNA2T00157639001
BnaC09g23020D,GSBRNA2T00157776001
BnaC09g22760D,GSBRNA2T00157821001
BnaC07g17890D,GSBRNA2T00158246001
BnaC07g17940D,GSBRNA2T00158254001
BnaC07g17970D,GSBRNA2T00158259001
BnaC03g43340D,GSBRNA2T00158384001
BnaC03g43300D,GSBRNA2T00158388001
