ENTREZID	external_gene_name	GO	ONTOLOGY	GENENAME	GOTERM	pvalue	Description_NCBI	ALIAS	log2FoldChange	padj	Crep1	Crep2	Crep3	Trep1	Trep2	Trep3	VMrep1	VMrep2	VMrep3	PErep1	PErep2
106345731	BnaA01g25360D	NA	NA	NA	NA	0.0147596008073231	zinc finger CCCH domain-containing protein 55	LOC106345731	-2.32762939611561	1.05091137623696e-10	8.65446154259743	8.9245172485388	8.71124580266395	6.67126171362098	7.1108552569176	7.56612766628235	9.00698584822052	7.33839845659262	9.31547072013265	8.73543617292368	7.40978820365229
106345937	BnaA06g00880D	GO:0006631	BP	fatty-acid-binding protein 3, chloroplastic	fatty acid metabolic process	0.0220336982884563	fatty-acid-binding protein 3, chloroplastic	LOC106345937	1.6677562422771	5.44314597365453e-06	7.22208957722568	6.62213860793117	6.66380425926277	7.96959605429345	7.96055463258089	7.58248223741793	6.4740285986547	7.23846676307014	6.11681030294695	6.67535089239975	7.95200781121348
106346622	BnaCnng21610D	NA	NA	NA	NA	0.000998483948348601	putative pentatricopeptide repeat-containing protein At5g65820	LOC106346622	-2.93466184406228	0.00290380490407722	5.991407981588	6.12390671746018	5.75389730005221	4.41696423037701	4.10659618530175	4.78969046596995	5.76033452507895	7.01499996836879	6.04317251571226	5.20443467835275	5.404654920063
106347142	BnaA09g28720D	GO:0006355	BP	SUPPRESSOR OF GAMMA RESPONSE 1	regulation of DNA-templated transcription	0.00258224307450776	SUPPRESSOR OF GAMMA RESPONSE 1	LOC106347142	-3.60429133283026	4.38303018061849e-13	7.75729591421722	7.43982844136897	7.95737156954177	5.26407530904455	5.17952609363305	5.87088269962448	8.71603532775202	7.96526848484137	8.39727471449573	7.94870411506782	5.66113140620535
106348064	BnaA06g23430D	NA	NA	NA	NA	0.0454790664414519	classical arabinogalactan protein 1-like	LOC106348064	1.738762791295	9.18573812506605e-38	10.2650501633941	10.1824454394672	9.98377720812968	11.2843040400691	11.182630450051	11.3471025246929	9.12336342847622	10.0162837827762	8.44063284499635	11.449811283951	10.1214260886901
106348180	BnaA06g24780D	GO:0045488	BP	probable pectin methylesterase CGR3	pectin metabolic process	0.048479308056944	probable pectin methylesterase CGR3	BNAA06G24780D	1.68773892661916	2.23183794745738e-06	6.79613985972948	7.08111564737391	6.60316433464407	7.9328853203287	7.84643249271303	7.89550108526378	7.55980929488176	7.05295809267214	7.06813326208448	6.24634716805496	8.26697626614511
106350973	BnaA06g00380D	NA	NA	NA	NA	0.0270825855446032	arabinogalactan protein 21	LOC106350973	2.91808568792958	1.58858260448546e-07	6.0502439637899	6.60196393003778	6.83170398986472	7.89521489059661	8.68643439859169	8.33240434578542	5.88918148623024	4.45070436275959	4.8438793783004	7.15231360131824	8.26274718386933
106352194	BnaA02g26660D	GO:0006401	BP	ribonuclease 1	RNA catabolic process	0.0114911121337934	ribonuclease 1	LOC106352194	3.2051152537702	1.64788408237156e-10	5.69142220168985	6.4745552185827	5.6366511961719	8.20946095494481	7.98772690538982	8.21674785841443	6.1551001512189	5.11804664722223	4.68509122419252	6.71384848669311	8.10632426423937
106352420	BnaA06g32660D	NA	NA	NA	NA	0.0189441546645821	B3 domain-containing transcription factor FUS3	LOC106352420	2.500834513638	3.17607246956192e-45	7.19643908169322	7.29689079630819	7.24233701202981	9.25450764431694	8.80418068459966	9.00999441304326	5.41832726571191	7.35150319287981	6.52936209918577	8.89008714384222	8.09685175378814
106360582	BnaC02g03310D	NA	NA	NA	NA	0.0406325871195756	uncharacterized BNAC02G03310D	BNAC02G03310D	1.4604283039277	0.0363045197754686	5.35748521353445	5.29934780462051	5.26532411055519	6.10914025570746	6.0235466243568	5.97448228954376	5.28275376201967	4.78633308779768	6.25355566708342	5.58815809889698	5.68693339059928
106361954	BnaAnng18150D	NA	NA	NA	NA	0.0156078907752693	glycosyltransferase family 92 protein At1g27200	LOC106361954	-2.7021911826296	0.0290695099259546	6.81313705521882	6.28483339689148	5.31754009421517	2.53720030326258	5.36048622768513	4.45587325506712	6.43260097017615	6.20138362838836	7.5322057414539	6.41972214451549	4.83044719671459
106364205	BnaA09g25090D	GO:0006508	BP	probable aspartic protease At2g35615	proteolysis	0.040670920350317	probable aspartic protease At2g35615	LOC106364205	3.57846393302638	0.000472506957928817	4.91628725527464	6.06595162889423	4.67470316136245	7.69927323596689	7.46834945277465	7.40992229106064	6.85692786145988	5.1796659813653	6.8129035598428	7.60487784096692	6.12335521196777
106364671	BnaA09g28110D	GO:0003333	BP	lysine histidine transporter 2	amino acid transmembrane transport	0.0208092948553445	lysine histidine transporter 2	LOC106364671	-2.34092085180195	9.0390099092261e-07	8.20561252664649	7.87660988227377	8.24145833063253	6.90196373281861	5.8190025746792	6.68677282063314	10.5033431607611	11.1195067679562	9.32192495897065	7.20723340864176	7.67476401285494
106365590	BnaC05g12740D	GO:0006468	BP	cold-responsive protein kinase 1	protein phosphorylation	0.0223324400921061	cold-responsive protein kinase 1	LOC106365590	2.63548330718161	4.52442762572309e-08	4.91628725527464	5.61735178509553	5.03399890963758	6.85555439608811	6.88632337988824	6.45702478885609	5.67338716393894	6.05868308195214	4.42396870766013	6.21976584819063	6.26621030557725
106366259	BnaA09g06680D	GO:0000103	BP	SAL1 phosphatase-like	sulfate assimilation	0.0405023928664533	SAL1 phosphatase-like	LOC106366259	1.62194824962415	0.00785776915153443	6.0502439637899	6.75592849489003	5.8621352158362	7.61833149408039	7.05020205624129	6.99894131321046	6.16780759235736	5.48473872434878	6.17539091964254	5.7465824163599	7.60962164462055
106366259	BnaA09g06680D	GO:0046855	BP	SAL1 phosphatase-like	inositol phosphate dephosphorylation	0.0405023928664533	SAL1 phosphatase-like	LOC106366259	1.62194824962415	0.00785776915153443	6.0502439637899	6.75592849489003	5.8621352158362	7.61833149408039	7.05020205624129	6.99894131321046	6.16780759235736	5.48473872434878	6.17539091964254	5.7465824163599	7.60962164462055
106366588	BnaA09g14700D	GO:0015804	BP	amino acid permease 1	neutral amino acid transport	0.0225336841612745	amino acid permease 1	LOC106366588	2.95711493414719	4.58058680663424e-15	7.13023685531763	7.82547613549416	7.70262240682151	9.63177593335873	9.78705506489245	9.39014340525646	9.25786600061321	7.44819473180599	7.04330501122785	9.00674751914173	9.09762307328185
106366588	BnaA09g14700D	GO:0015804	BP	amino acid permease 1	neutral amino acid transport	0.0225336841612745	amino acid permease 1	aap1	2.95711493414719	4.58058680663424e-15	7.13023685531763	7.82547613549416	7.70262240682151	9.63177593335873	9.78705506489245	9.39014340525646	9.25786600061321	7.44819473180599	7.04330501122785	9.00674751914173	9.09762307328185
106366588	BnaA09g14700D	GO:0003333	BP	amino acid permease 1	amino acid transmembrane transport	0.0225336841612745	amino acid permease 1	LOC106366588	2.95711493414719	4.58058680663424e-15	7.13023685531763	7.82547613549416	7.70262240682151	9.63177593335873	9.78705506489245	9.39014340525646	9.25786600061321	7.44819473180599	7.04330501122785	9.00674751914173	9.09762307328185
106366588	BnaA09g14700D	GO:0015800	BP	amino acid permease 1	acidic amino acid transport	0.0225336841612745	amino acid permease 1	aap1	2.95711493414719	4.58058680663424e-15	7.13023685531763	7.82547613549416	7.70262240682151	9.63177593335873	9.78705506489245	9.39014340525646	9.25786600061321	7.44819473180599	7.04330501122785	9.00674751914173	9.09762307328185
106366588	BnaA09g14700D	GO:0003333	BP	amino acid permease 1	amino acid transmembrane transport	0.0225336841612745	amino acid permease 1	AAP1-2	2.95711493414719	4.58058680663424e-15	7.13023685531763	7.82547613549416	7.70262240682151	9.63177593335873	9.78705506489245	9.39014340525646	9.25786600061321	7.44819473180599	7.04330501122785	9.00674751914173	9.09762307328185
106366588	BnaA09g14700D	GO:0015800	BP	amino acid permease 1	acidic amino acid transport	0.0225336841612745	amino acid permease 1	AAP1-2	2.95711493414719	4.58058680663424e-15	7.13023685531763	7.82547613549416	7.70262240682151	9.63177593335873	9.78705506489245	9.39014340525646	9.25786600061321	7.44819473180599	7.04330501122785	9.00674751914173	9.09762307328185
106366588	BnaA09g14700D	GO:0015804	BP	amino acid permease 1	neutral amino acid transport	0.0225336841612745	amino acid permease 1	AAP1-2	2.95711493414719	4.58058680663424e-15	7.13023685531763	7.82547613549416	7.70262240682151	9.63177593335873	9.78705506489245	9.39014340525646	9.25786600061321	7.44819473180599	7.04330501122785	9.00674751914173	9.09762307328185
106366588	BnaA09g14700D	GO:0003333	BP	amino acid permease 1	amino acid transmembrane transport	0.0225336841612745	amino acid permease 1	LOC106366588	2.95711493414719	4.58058680663424e-15	7.13023685531763	7.82547613549416	7.70262240682151	9.63177593335873	9.78705506489245	9.39014340525646	9.25786600061321	7.44819473180599	7.04330501122785	9.00674751914173	9.09762307328185
106366588	BnaA09g14700D	GO:0003333	BP	amino acid permease 1	amino acid transmembrane transport	0.0225336841612745	amino acid permease 1	AAP1-2	2.95711493414719	4.58058680663424e-15	7.13023685531763	7.82547613549416	7.70262240682151	9.63177593335873	9.78705506489245	9.39014340525646	9.25786600061321	7.44819473180599	7.04330501122785	9.00674751914173	9.09762307328185
106366588	BnaA09g14700D	GO:0015804	BP	amino acid permease 1	neutral amino acid transport	0.0225336841612745	amino acid permease 1	aap1	2.95711493414719	4.58058680663424e-15	7.13023685531763	7.82547613549416	7.70262240682151	9.63177593335873	9.78705506489245	9.39014340525646	9.25786600061321	7.44819473180599	7.04330501122785	9.00674751914173	9.09762307328185
106366588	BnaA09g14700D	GO:0003333	BP	amino acid permease 1	amino acid transmembrane transport	0.0225336841612745	amino acid permease 1	aap1	2.95711493414719	4.58058680663424e-15	7.13023685531763	7.82547613549416	7.70262240682151	9.63177593335873	9.78705506489245	9.39014340525646	9.25786600061321	7.44819473180599	7.04330501122785	9.00674751914173	9.09762307328185
106366588	BnaA09g14700D	GO:0003333	BP	amino acid permease 1	amino acid transmembrane transport	0.0225336841612745	amino acid permease 1	aap1	2.95711493414719	4.58058680663424e-15	7.13023685531763	7.82547613549416	7.70262240682151	9.63177593335873	9.78705506489245	9.39014340525646	9.25786600061321	7.44819473180599	7.04330501122785	9.00674751914173	9.09762307328185
106366588	BnaA09g14700D	GO:0015804	BP	amino acid permease 1	neutral amino acid transport	0.0225336841612745	amino acid permease 1	AAP1-2	2.95711493414719	4.58058680663424e-15	7.13023685531763	7.82547613549416	7.70262240682151	9.63177593335873	9.78705506489245	9.39014340525646	9.25786600061321	7.44819473180599	7.04330501122785	9.00674751914173	9.09762307328185
106366588	BnaA09g14700D	GO:0015800	BP	amino acid permease 1	acidic amino acid transport	0.0225336841612745	amino acid permease 1	LOC106366588	2.95711493414719	4.58058680663424e-15	7.13023685531763	7.82547613549416	7.70262240682151	9.63177593335873	9.78705506489245	9.39014340525646	9.25786600061321	7.44819473180599	7.04330501122785	9.00674751914173	9.09762307328185
106366588	BnaA09g14700D	GO:0015800	BP	amino acid permease 1	acidic amino acid transport	0.0225336841612745	amino acid permease 1	LOC106366588	2.95711493414719	4.58058680663424e-15	7.13023685531763	7.82547613549416	7.70262240682151	9.63177593335873	9.78705506489245	9.39014340525646	9.25786600061321	7.44819473180599	7.04330501122785	9.00674751914173	9.09762307328185
106366588	BnaA09g14700D	GO:0015804	BP	amino acid permease 1	neutral amino acid transport	0.0225336841612745	amino acid permease 1	LOC106366588	2.95711493414719	4.58058680663424e-15	7.13023685531763	7.82547613549416	7.70262240682151	9.63177593335873	9.78705506489245	9.39014340525646	9.25786600061321	7.44819473180599	7.04330501122785	9.00674751914173	9.09762307328185
106366588	BnaA09g14700D	GO:0015800	BP	amino acid permease 1	acidic amino acid transport	0.0225336841612745	amino acid permease 1	aap1	2.95711493414719	4.58058680663424e-15	7.13023685531763	7.82547613549416	7.70262240682151	9.63177593335873	9.78705506489245	9.39014340525646	9.25786600061321	7.44819473180599	7.04330501122785	9.00674751914173	9.09762307328185
106366588	BnaA09g14700D	GO:0003333	BP	amino acid permease 1	amino acid transmembrane transport	0.0225336841612745	amino acid permease 1	LOC106366588	2.95711493414719	4.58058680663424e-15	7.13023685531763	7.82547613549416	7.70262240682151	9.63177593335873	9.78705506489245	9.39014340525646	9.25786600061321	7.44819473180599	7.04330501122785	9.00674751914173	9.09762307328185
106366588	BnaA09g14700D	GO:0015804	BP	amino acid permease 1	neutral amino acid transport	0.0225336841612745	amino acid permease 1	aap1	2.95711493414719	4.58058680663424e-15	7.13023685531763	7.82547613549416	7.70262240682151	9.63177593335873	9.78705506489245	9.39014340525646	9.25786600061321	7.44819473180599	7.04330501122785	9.00674751914173	9.09762307328185
106366588	BnaA09g14700D	GO:0015804	BP	amino acid permease 1	neutral amino acid transport	0.0225336841612745	amino acid permease 1	LOC106366588	2.95711493414719	4.58058680663424e-15	7.13023685531763	7.82547613549416	7.70262240682151	9.63177593335873	9.78705506489245	9.39014340525646	9.25786600061321	7.44819473180599	7.04330501122785	9.00674751914173	9.09762307328185
106366588	BnaA09g14700D	GO:0015804	BP	amino acid permease 1	neutral amino acid transport	0.0225336841612745	amino acid permease 1	AAP1-2	2.95711493414719	4.58058680663424e-15	7.13023685531763	7.82547613549416	7.70262240682151	9.63177593335873	9.78705506489245	9.39014340525646	9.25786600061321	7.44819473180599	7.04330501122785	9.00674751914173	9.09762307328185
106366588	BnaA09g14700D	GO:0015800	BP	amino acid permease 1	acidic amino acid transport	0.0225336841612745	amino acid permease 1	aap1	2.95711493414719	4.58058680663424e-15	7.13023685531763	7.82547613549416	7.70262240682151	9.63177593335873	9.78705506489245	9.39014340525646	9.25786600061321	7.44819473180599	7.04330501122785	9.00674751914173	9.09762307328185
106366588	BnaA09g14700D	GO:0003333	BP	amino acid permease 1	amino acid transmembrane transport	0.0225336841612745	amino acid permease 1	AAP1-2	2.95711493414719	4.58058680663424e-15	7.13023685531763	7.82547613549416	7.70262240682151	9.63177593335873	9.78705506489245	9.39014340525646	9.25786600061321	7.44819473180599	7.04330501122785	9.00674751914173	9.09762307328185
106366588	BnaA09g14700D	GO:0015800	BP	amino acid permease 1	acidic amino acid transport	0.0225336841612745	amino acid permease 1	AAP1-2	2.95711493414719	4.58058680663424e-15	7.13023685531763	7.82547613549416	7.70262240682151	9.63177593335873	9.78705506489245	9.39014340525646	9.25786600061321	7.44819473180599	7.04330501122785	9.00674751914173	9.09762307328185
106366588	BnaA09g14700D	GO:0003333	BP	amino acid permease 1	amino acid transmembrane transport	0.0225336841612745	amino acid permease 1	aap1	2.95711493414719	4.58058680663424e-15	7.13023685531763	7.82547613549416	7.70262240682151	9.63177593335873	9.78705506489245	9.39014340525646	9.25786600061321	7.44819473180599	7.04330501122785	9.00674751914173	9.09762307328185
106366588	BnaA09g14700D	GO:0015800	BP	amino acid permease 1	acidic amino acid transport	0.0225336841612745	amino acid permease 1	AAP1-2	2.95711493414719	4.58058680663424e-15	7.13023685531763	7.82547613549416	7.70262240682151	9.63177593335873	9.78705506489245	9.39014340525646	9.25786600061321	7.44819473180599	7.04330501122785	9.00674751914173	9.09762307328185
106366588	BnaA09g14700D	GO:0015800	BP	amino acid permease 1	acidic amino acid transport	0.0225336841612745	amino acid permease 1	LOC106366588	2.95711493414719	4.58058680663424e-15	7.13023685531763	7.82547613549416	7.70262240682151	9.63177593335873	9.78705506489245	9.39014340525646	9.25786600061321	7.44819473180599	7.04330501122785	9.00674751914173	9.09762307328185
106367366	BnaA09g26480D	NA	NA	NA	NA	0.0208643350212873	calcyclin-binding protein	LOC106367366	-1.64204938061728	3.09780830962599e-05	8.94335009039712	8.84548265366822	8.6073577745576	6.93209035259378	8.0301642799342	7.52440964301055	9.91976289578681	9.8791552007654	7.92732198870083	8.59340392993126	7.94674398388581
106367503	BnaC05g29370D	GO:0006468	BP	CBL-interacting serine/threonine-protein kinase 7	protein phosphorylation	0.0284824519156361	CBL-interacting serine/threonine-protein kinase 7	LOC106367503	2.34047719052386	2.59918068615114e-41	7.71279154373084	7.96588758133142	8.03572012099059	9.40676686370787	9.36435402938393	9.39014340525646	5.59973794256187	7.08471428276655	7.54109250402964	9.14659026487313	8.59760854855336
106367503	BnaC05g29370D	GO:0035556	BP	CBL-interacting serine/threonine-protein kinase 7	intracellular signal transduction	0.0284824519156361	CBL-interacting serine/threonine-protein kinase 7	LOC106367503	2.34047719052386	2.59918068615114e-41	7.71279154373084	7.96588758133142	8.03572012099059	9.40676686370787	9.36435402938393	9.39014340525646	5.59973794256187	7.08471428276655	7.54109250402964	9.14659026487313	8.59760854855336
106370445	BnaA09g06930D	GO:0043086	BP	cell wall / vacuolar inhibitor of fructosidase 2	negative regulation of catalytic activity	0.0274363069208346	cell wall / vacuolar inhibitor of fructosidase 2	LOC106370445	2.52420294230649	1.90849805387415e-36	6.44968133178259	6.33467800384374	6.66380425926277	8.03340708628338	7.91598436602545	7.95948915069129	5.70881304842787	4.67410494802419	4.57963899587358	7.75054457165336	7.04585477714567
106376110	BnaC01g20110D	NA	NA	NA	NA	0.00480404709421417	uncharacterized BNAC01G20110D	BNAC01G20110D	-1.83506149816718	8.08547206091826e-05	7.79193527721076	7.772460680667	7.35673023181625	6.02733881053064	6.37769907184436	6.76064781078419	7.41361910767142	6.94173002962556	7.94416277131869	6.78787538619616	7.24789429636752
106376246	BnaA06g38230D	NA	NA	NA	NA	0.0275077560990975	major latex allergen Hev b 5	LOC106376246	2.33515092527324	9.45705762991923e-17	6.07877258682845	6.40632714685498	6.35585780162158	7.65486826850238	8.05606679665772	7.48144670835334	7.15888589983299	5.23863350073933	6.10479914284659	7.87437446638084	6.52927416509612
106376861	BnaC07g32300D	GO:0006869	BP	non-specific lipid-transfer protein 12	lipid transport	0.0140772972042454	non-specific lipid-transfer protein 12	LOC106376861	-2.1862226926871	1.66445126230773e-39	11.5978932202186	11.6140071093283	11.6582935085326	9.9582019873736	10.26775065676	9.82895868887564	15.2753308181268	13.2487300242326	13.3953376874472	10.8025599089839	11.1371986497835
106377345	BnaC08g49740D	GO:0006886	BP	translocase of chloroplast 33, chloroplastic-like	intracellular protein transport	0.0445593377263602	translocase of chloroplast 33, chloroplastic-like	TOC33	-1.2601344248539	0.0374190033685369	7.43442836909474	7.03678789331757	7.160686619242	6.10914025570746	6.10577493799728	6.74617412053929	8.54025874996926	9.08869445386654	8.04751996681921	6.46562479678361	6.9223745133366
106377345	BnaC08g49740D	GO:0006886	BP	translocase of chloroplast 33, chloroplastic-like	intracellular protein transport	0.0445593377263602	translocase of chloroplast 33, chloroplastic-like	TOC33	-1.2601344248539	0.0374190033685369	7.43442836909474	7.03678789331757	7.160686619242	6.10914025570746	6.10577493799728	6.74617412053929	8.54025874996926	9.08869445386654	8.04751996681921	6.46562479678361	6.9223745133366
106377345	BnaC08g49740D	GO:0006886	BP	translocase of chloroplast 33, chloroplastic-like	intracellular protein transport	0.0445593377263602	translocase of chloroplast 33, chloroplastic-like	LOC106377345	-1.2601344248539	0.0374190033685369	7.43442836909474	7.03678789331757	7.160686619242	6.10914025570746	6.10577493799728	6.74617412053929	8.54025874996926	9.08869445386654	8.04751996681921	6.46562479678361	6.9223745133366
106377345	BnaC08g49740D	GO:0006886	BP	translocase of chloroplast 33, chloroplastic-like	intracellular protein transport	0.0445593377263602	translocase of chloroplast 33, chloroplastic-like	LOC106377345	-1.2601344248539	0.0374190033685369	7.43442836909474	7.03678789331757	7.160686619242	6.10914025570746	6.10577493799728	6.74617412053929	8.54025874996926	9.08869445386654	8.04751996681921	6.46562479678361	6.9223745133366
106390565	BnaC06g41140D	GO:0009688	BP	xanthoxin dehydrogenase	abscisic acid biosynthetic process	0.0112597992051546	xanthoxin dehydrogenase	LOC106390565	2.40014509239512	2.21244541564088e-26	6.82993528149801	7.16586980726041	7.08891403573631	8.4877008335737	8.67310961418465	8.23237016616769	6.77657018837647	6.22065018239564	5.99187096748682	8.43583849351556	7.42501928978175
106396146	BnaC05g12450D	GO:0044772	BP	putative cyclin-B3-1	mitotic cell cycle phase transition	0.0380397193704277	putative cyclin-B3-1	LOC106396146	-1.44251534569062	0.0300598846138657	7.08900115859565	7.5904180007492	7.89147369196106	5.81584835057367	6.54862332715387	7.0350784772294	8.34838546234826	7.80631769975427	7.18054294390199	7.77799017494767	6.3162943023935
106396146	BnaC05g12450D	GO:0051301	BP	putative cyclin-B3-1	cell division	0.0380397193704277	putative cyclin-B3-1	LOC106396146	-1.44251534569062	0.0300598846138657	7.08900115859565	7.5904180007492	7.89147369196106	5.81584835057367	6.54862332715387	7.0350784772294	8.34838546234826	7.80631769975427	7.18054294390199	7.77799017494767	6.3162943023935
106396146	BnaC05g12450D	GO:0000079	BP	putative cyclin-B3-1	regulation of cyclin-dependent protein serine/threonine kinase activity	0.0380397193704277	putative cyclin-B3-1	LOC106396146	-1.44251534569062	0.0300598846138657	7.08900115859565	7.5904180007492	7.89147369196106	5.81584835057367	6.54862332715387	7.0350784772294	8.34838546234826	7.80631769975427	7.18054294390199	7.77799017494767	6.3162943023935
106397513	BnaC02g01720D	NA	NA	NA	NA	0.0130812868054145	probable WRKY transcription factor 26	LOC106397513	2.40620421176459	2.74269012678394e-06	4.91628725527464	5.39785421623582	6.05655367503206	6.5403096222352	6.98687585752007	6.99894131321046	5.07835833920987	5.34949693612165	5.03848664911372	6.87534145800941	5.78565703142777
106397513	BnaC02g01720D	NA	NA	NA	NA	0.0130812868054145	probable WRKY transcription factor 26	WRKY26.1	2.40620421176459	2.74269012678394e-06	4.91628725527464	5.39785421623582	6.05655367503206	6.5403096222352	6.98687585752007	6.99894131321046	5.07835833920987	5.34949693612165	5.03848664911372	6.87534145800941	5.78565703142777
106399919	BnaC09g13020D	GO:0006520	BP	aspartate aminotransferase, cytoplasmic isozyme 2-like	cellular amino acid metabolic process	0.0460640117147511	aspartate aminotransferase, cytoplasmic isozyme 2-like	LOC106399919	1.95591538815578	2.44004044214229e-05	5.49223497999006	4.95269654039395	5.31754009421517	6.43884930187272	6.31010232457694	6.94929953863823	6.45346479146667	4.93861529057302	4.46472321672984	6.48803520479076	5.8325427332879
106399919	BnaC09g13020D	GO:0009058	BP	aspartate aminotransferase, cytoplasmic isozyme 2-like	biosynthetic process	0.0460640117147511	aspartate aminotransferase, cytoplasmic isozyme 2-like	LOC106399919	1.95591538815578	2.44004044214229e-05	5.49223497999006	4.95269654039395	5.31754009421517	6.43884930187272	6.31010232457694	6.94929953863823	6.45346479146667	4.93861529057302	4.46472321672984	6.48803520479076	5.8325427332879
106400051	BnaA01g08450D	NA	NA	NA	NA	0.0272618540498562	uncharacterized protein At4g28440	BNAA01G08450D	-1.64091823943193	5.55845046260817e-07	8.65446154259743	8.73902955119412	8.66270742781694	6.99051163010691	7.71600155374209	7.6844863925388	8.38399521520915	9.28225474817321	9.51679845356704	8.99510753439739	7.07513524157194
106400055	BnaA09g02100D	NA	NA	NA	NA	0.0399604135711821	LOB domain-containing protein 25	LOC106400055	2.00413556434262	0.00198382113375979	5.30949622881169	5.44460359893573	5.21105189702329	5.78287904533808	6.64764379660653	6.62480333902465	4.41287509056159	5.547735800973	5.16212562501341	6.57432394269713	5.37301247051858
106401515	BnaC09g13030D	NA	NA	NA	NA	0.0492996296256332	non-specific lipid transfer protein GPI-anchored 7	LOC106401515	2.34942030598713	2.74481763712724e-63	7.95364307495488	8.12938945068551	8.18757242591329	9.74405199360077	9.70269825420008	9.62123842321383	7.13332544423556	5.5322507875466	5.11400749425203	9.3521776206539	9.02957487771604
106401732	BnaCnng27960D	GO:0051171	BP	zinc finger CCCH domain-containing protein 29	regulation of nitrogen compound metabolic process	0.0185106201708538	zinc finger CCCH domain-containing protein 29	LOC106401732	2.78386314410278	1.6706275807914e-06	4.8494810041057	5.61735178509553	4.3994301172281	6.59790374004294	6.53390160641884	6.54337065882254	5.96413107647735	5.46853501676841	4.57963899587358	5.7465824163599	6.16043445567416
106401732	BnaCnng27960D	GO:0080090	BP	zinc finger CCCH domain-containing protein 29	regulation of primary metabolic process	0.0185106201708538	zinc finger CCCH domain-containing protein 29	LOC106401732	2.78386314410278	1.6706275807914e-06	4.8494810041057	5.61735178509553	4.3994301172281	6.59790374004294	6.53390160641884	6.54337065882254	5.96413107647735	5.46853501676841	4.57963899587358	5.7465824163599	6.16043445567416
106401732	BnaCnng27960D	GO:0060255	BP	zinc finger CCCH domain-containing protein 29	regulation of macromolecule metabolic process	0.0185106201708538	zinc finger CCCH domain-containing protein 29	LOC106401732	2.78386314410278	1.6706275807914e-06	4.8494810041057	5.61735178509553	4.3994301172281	6.59790374004294	6.53390160641884	6.54337065882254	5.96413107647735	5.46853501676841	4.57963899587358	5.7465824163599	6.16043445567416
106423352	BnaA04g07200D	NA	NA	NA	NA	0.0276516946160847	gamma-interferon-responsive lysosomal thiol protein	LOC106423352	2.46866702070596	4.39690006885856e-08	7.19643908169322	6.94380627312204	7.78660673204347	8.99095299898113	8.84930561389022	8.97018359018785	5.25880744817684	5.95875201726297	5.25357119929663	7.55285347067525	8.99685560832813
106423394	BnaA03g52200D	NA	NA	NA	NA	0.0400728101913368	tocopherol cyclase, chloroplastic	LOC106423394	1.59633425959622	3.75090341268181e-08	6.86295317799211	6.92770692314326	7.24233701202981	7.83281567900008	8.09156564642511	7.95948915069129	5.20962822281674	6.7369815570881	5.58625797081925	7.46549524292438	7.59623198145263
106423689	BnaAnng12450D	NA	NA	NA	NA	0.0486393846611058	1-aminocyclopropane-1-carboxylate oxidase 4	LOC106423689	2.0392750426571	4.75554328876787e-11	6.07877258682845	6.35896255215825	6.49601791077045	7.76759126438792	7.49132717008426	7.54958521355853	5.59973794256187	5.05351171645153	4.03667693255899	7.65508818265474	6.59825674676263
106425185	BnaA02g30200D	NA	NA	NA	NA	0.00975806437278586	uncharacterized protein At5g48480	BNAA02G30200D	-3.29309125232271	3.14054364538138e-21	8.93175384803686	8.76186456566709	8.94838151998198	6.02733881053064	6.88632337988824	6.7891643185066	8.65007443262016	7.74477769661084	7.23087048908002	8.95561481634615	7.05568136161927
106433769	BnaA09g15610D	NA	NA	NA	NA	0.0177504079900377	uncharacterized BNAA09G15610D	BNAA09G15610D	2.18969564812608	2.24719651075016e-08	4.70483735863616	5.19327196247062	5.36785583859917	6.28349884180093	6.20229585039229	6.2464300295735	4.99305763860739	3.98898625047645	5.08929685854763	5.0891644358089	6.14201557459622
106434228	BnaA08g20790D	NA	NA	NA	NA	0.0118263054692649	protein NRT1/ PTR FAMILY 5.15	LOC106434228	2.09644652260515	1.41040453586003e-05	4.97991972213555	5.2473312290434	5.55267040184475	6.55976619481888	6.04455409062343	6.43911211290853	5.81003951565407	5.70765398843312	4.98569713892409	5.31076985499319	6.2318165901613
106435603	BnaC03g73200D	NA	NA	NA	NA	0.0390109259964874	protein SENESCENCE-ASSOCIATED GENE 21, mitochondrial	LEA3	1.74246641701639	3.2811446358884e-10	6.59452843092838	6.91142505019951	6.86648949711111	7.76759126438792	7.80425405256004	8.07952510594598	7.08747113996811	5.97020939975922	5.35995266305374	8.08676536956764	6.75140765477274
106435603	BnaC03g73200D	NA	NA	NA	NA	0.0390109259964874	protein SENESCENCE-ASSOCIATED GENE 21, mitochondrial	LOC106435603	1.74246641701639	3.2811446358884e-10	6.59452843092838	6.91142505019951	6.86648949711111	7.76759126438792	7.80425405256004	8.07952510594598	7.08747113996811	5.97020939975922	5.35995266305374	8.08676536956764	6.75140765477274
106437571	BnaA03g14140D	GO:0042221	BP	glutathione S-transferase F9	response to chemical	0.0226659457736897	glutathione S-transferase F9	LOC106437571	2.43140759215143	8.60736039328563e-53	7.938264867142	7.98930585767196	8.14579353833746	9.46703588077481	9.52314665129836	9.57094249654998	8.7563021723153	7.60593088754411	6.60779955984665	8.58824775428571	9.38701923537971
106437571	BnaA03g14140D	GO:0042221	BP	glutathione S-transferase F9	response to chemical	0.0226659457736897	glutathione S-transferase F9	LOC106437571	2.43140759215143	8.60736039328563e-53	7.938264867142	7.98930585767196	8.14579353833746	9.46703588077481	9.52314665129836	9.57094249654998	8.7563021723153	7.60593088754411	6.60779955984665	8.58824775428571	9.38701923537971
106437571	BnaA03g14140D	GO:0006749	BP	glutathione S-transferase F9	glutathione metabolic process	0.0226659457736897	glutathione S-transferase F9	LOC106437571	2.43140759215143	8.60736039328563e-53	7.938264867142	7.98930585767196	8.14579353833746	9.46703588077481	9.52314665129836	9.57094249654998	8.7563021723153	7.60593088754411	6.60779955984665	8.58824775428571	9.38701923537971
106437571	BnaA03g14140D	GO:0006749	BP	glutathione S-transferase F9	glutathione metabolic process	0.0226659457736897	glutathione S-transferase F9	LOC106437571	2.43140759215143	8.60736039328563e-53	7.938264867142	7.98930585767196	8.14579353833746	9.46703588077481	9.52314665129836	9.57094249654998	8.7563021723153	7.60593088754411	6.60779955984665	8.58824775428571	9.38701923537971
106437571	BnaC03g17110D	GO:0042221	BP	glutathione S-transferase F9	response to chemical	0.0226659457736897	glutathione S-transferase F9	LOC106437571	2.19606919481864	3.99139489982695e-43	7.938264867142	7.98930585767196	8.14579353833746	9.46703588077481	9.52314665129836	9.57094249654998	8.7563021723153	7.60593088754411	6.60779955984665	8.58824775428571	9.38701923537971
106437571	BnaC03g17110D	GO:0006749	BP	glutathione S-transferase F9	glutathione metabolic process	0.0226659457736897	glutathione S-transferase F9	LOC106437571	2.19606919481864	3.99139489982695e-43	7.938264867142	7.98930585767196	8.14579353833746	9.46703588077481	9.52314665129836	9.57094249654998	8.7563021723153	7.60593088754411	6.60779955984665	8.58824775428571	9.38701923537971
106437571	BnaC03g17110D	GO:0042221	BP	glutathione S-transferase F9	response to chemical	0.0226659457736897	glutathione S-transferase F9	LOC106437571	2.19606919481864	3.99139489982695e-43	7.938264867142	7.98930585767196	8.14579353833746	9.46703588077481	9.52314665129836	9.57094249654998	8.7563021723153	7.60593088754411	6.60779955984665	8.58824775428571	9.38701923537971
106437571	BnaC03g17110D	GO:0006749	BP	glutathione S-transferase F9	glutathione metabolic process	0.0226659457736897	glutathione S-transferase F9	LOC106437571	2.19606919481864	3.99139489982695e-43	7.938264867142	7.98930585767196	8.14579353833746	9.46703588077481	9.52314665129836	9.57094249654998	8.7563021723153	7.60593088754411	6.60779955984665	8.58824775428571	9.38701923537971
106443536	BnaA01g19360D	GO:0006869	BP	non-specific lipid-transfer protein 12-like	lipid transport	0.0453195553748657	non-specific lipid-transfer protein 12-like	LOC106443536	-1.81212642320317	7.07675357373309e-19	11.2395648691329	11.1675739859101	10.8895666644877	9.91558507025261	9.68123106888661	9.44031605756059	15.3204383145043	13.6173661604071	14.1159688015323	9.5158862679234	11.1860149612404
106443544	BnaCnng71940D	GO:0009627	BP	EG45-like domain containing protein 2	systemic acquired resistance	0.00818265313045088	EG45-like domain containing protein 2	LOC106443544	4.73103815302188	1.30243813734931e-11	4.25047465369032	4.95269654039395	5.1545465567047	7.23956604800938	7.03983959726286	7.63046023584068	5.23443758841191	5.9000331195824	4.8438793783004	6.48803520479076	6.73925172533332
106443622	BnaA02g26660D	GO:0006401	BP	ribonuclease 1	RNA catabolic process	0.0114911121337934	ribonuclease 1	LOC106443622	3.2051152537702	1.64788408237156e-10	5.69142220168985	6.4745552185827	5.6366511961719	8.20946095494481	7.98772690538982	8.21674785841443	6.1551001512189	5.11804664722223	4.68509122419252	6.71384848669311	8.10632426423937
106445672	BnaC01g19310D	NA	NA	NA	NA	0.0116164057116642	napin-like	LOC106445672	4.20856540871704	1.91214501217851e-111	6.13416794915897	6.09522439754173	6.38019319774935	9.10089425548216	8.66975909166552	9.13712509203214	6.44307093351316	5.11804664722223	4.90242082851973	9.00287795241322	7.47709366030633
106445821	BnaC07g33120D	NA	NA	NA	NA	0.0346567004999231	CASP-like protein 1E1	LOC106445821	4.07772901611495	9.68626413059931e-63	5.09884005620075	5.29934780462051	5.03399890963758	7.4413712981942	7.5214045607091	7.51591900656112	7.34293485777179	6.66869106883996	5.82578745187747	5.95514159662708	7.43257481772385
106446366	BnaA04g12210D	GO:0016925	BP	SUMO-activating enzyme subunit 2	protein sumoylation	0.0491786498741566	SUMO-activating enzyme subunit 2	LOC106446366	-1.29752310456624	0.000339850341842681	7.90700719782045	8.17094006942304	8.56043622179822	7.47241662290994	7.27882580090435	7.19265438389322	7.30338535368954	8.89518260599577	9.12487979633596	7.94063208193939	7.56220281224153
106446366	BnaA04g12210D	GO:0032446	BP	SUMO-activating enzyme subunit 2	protein modification by small protein conjugation	0.0491786498741566	SUMO-activating enzyme subunit 2	LOC106446366	-1.29752310456624	0.000339850341842681	7.90700719782045	8.17094006942304	8.56043622179822	7.47241662290994	7.27882580090435	7.19265438389322	7.30338535368954	8.89518260599577	9.12487979633596	7.94063208193939	7.56220281224153
106451520	BnaA05g12410D	GO:0009228	BP	phosphomethylpyrimidine synthase, chloroplastic	thiamine biosynthetic process	0.0168305556906459	phosphomethylpyrimidine synthase, chloroplastic	LOC106451520	-3.52874370366059	1.38884522500741e-17	7.76603414909497	7.86821261479972	7.74988344392045	5.0555362461439	5.25478417720981	5.57277554405874	7.13975828296525	5.8135056702766	6.20941636209335	7.89957943057315	5.68693339059928
106451605	BnaA05g14430D	GO:0050482	BP	phospholipase A2-alpha	arachidonic acid secretion	0.0275375606466721	phospholipase A2-alpha	LOC106451605	-3.81903731409721	2.1029783450473e-06	6.92679462599326	6.71895959976502	7.11805442358466	2.53720030326258	4.87759973204835	4.78969046596995	5.85805425845707	5.2577403969624	4.33821473591272	6.84099197978552	5.37301247051858
106451605	BnaA05g14430D	GO:0016042	BP	phospholipase A2-alpha	lipid catabolic process	0.0275375606466721	phospholipase A2-alpha	LOC106451605	-3.81903731409721	2.1029783450473e-06	6.92679462599326	6.71895959976502	7.11805442358466	2.53720030326258	4.87759973204835	4.78969046596995	5.85805425845707	5.2577403969624	4.33821473591272	6.84099197978552	5.37301247051858
106451605	BnaA05g14430D	GO:0006644	BP	phospholipase A2-alpha	phospholipid metabolic process	0.0275375606466721	phospholipase A2-alpha	LOC106451605	-3.81903731409721	2.1029783450473e-06	6.92679462599326	6.71895959976502	7.11805442358466	2.53720030326258	4.87759973204835	4.78969046596995	5.85805425845707	5.2577403969624	4.33821473591272	6.84099197978552	5.37301247051858
106451607	BnaA05g14430D	GO:0050482	BP	phospholipase A2-alpha	arachidonic acid secretion	0.0275375606466721	phospholipase A2-alpha	LOC106451607	-3.81903731409721	2.1029783450473e-06	6.92679462599326	6.71895959976502	7.11805442358466	2.53720030326258	4.87759973204835	4.78969046596995	5.85805425845707	5.2577403969624	4.33821473591272	6.84099197978552	5.37301247051858
106451607	BnaA05g14430D	GO:0016042	BP	phospholipase A2-alpha	lipid catabolic process	0.0275375606466721	phospholipase A2-alpha	LOC106451607	-3.81903731409721	2.1029783450473e-06	6.92679462599326	6.71895959976502	7.11805442358466	2.53720030326258	4.87759973204835	4.78969046596995	5.85805425845707	5.2577403969624	4.33821473591272	6.84099197978552	5.37301247051858
106451607	BnaA05g14430D	GO:0006644	BP	phospholipase A2-alpha	phospholipid metabolic process	0.0275375606466721	phospholipase A2-alpha	LOC106451607	-3.81903731409721	2.1029783450473e-06	6.92679462599326	6.71895959976502	7.11805442358466	2.53720030326258	4.87759973204835	4.78969046596995	5.85805425845707	5.2577403969624	4.33821473591272	6.84099197978552	5.37301247051858
106452114	BnaC05g36680D	GO:0019722	BP	rapid alkalinization factor 23	calcium-mediated signaling	0.0425063904779859	rapid alkalinization factor 23	LOC106452114	2.1567473368303	3.39703544431385e-19	6.31266169802669	6.53967659854905	6.70285078195078	7.81678430376093	7.74177301408797	7.81476486825213	8.07430960725431	6.53691499209319	6.27512329773323	7.68439511225217	6.87873716221836
